,ITEM_CODE,MO_NAME,SPECS,USE_NAME
0,Y00000004991,善存片,复方*60片,口服
1,F00002227295,一次性使用输液器（超低密度聚乙烯精密输液器（带螺口））,,静脉滴注
2,18435,九项呼吸道感染病原体IgM抗体检测,,
3,F00002204394,动脉采血,,
4,F00002204391,静脉采血,,
5,F00002204382,低流量给氧,,
6,16093,一般细菌涂片检查,,
7,17878,血乳酸,,
8,18823,凝血五项,,
9,F00002204440,雾化吸入(氧气雾化),,
10,F00002218301,安舒妥静脉导管固定透明敷贴10×12cm,,
11,F00002213478,运动疗法(呼吸训练),,
12,F00002207423,血氧饱和度监测,,
13,F00002212421,紫红头真空管,紫色2ML/双标签/紫2MLRD/有标签,
14,Y00000000758,沐舒坦注射液*#,15mg:2ml*5,静脉滴注
15,F00002218320,精密输液器（威高/洁瑞）,,静脉滴注
16,F00002204398,静脉输液(使用微量泵或输液泵每小时加收),,
17,F00000180071,3M透明敷贴（HP）6×7cm（9534HP）,,
19,F00002218595,一次性注射器20ML/因特圣,,
21,Y00000001024,阿斯美胶囊*# ,60粒,口服
22,Y00000018770,灭菌注射用水@#,10ml,静脉滴注
23,F00002204400,住院静脉输液,,静脉滴注
24,F00002204397,静脉输液(连续输液第二组起每组收),,
25,F00002207335,双水平气道正压(BIPAP)通气,,
26,F00002218593,一次性注射器5ML/因特圣,,
27,F00002212422,黄头真空管,黄色5ml/双标签/金黄5ML/有标签,
28,F00002217600,水封瓶TSY-II（一次性胸腔引流瓶）,,
29,16101,真菌涂片检查(包括各种标本),,
31,F00002204352,Ⅰ级护理,,
33,19992,巨细胞病毒IgG抗体定量（金域）*,,
34,Y00000000678,5%葡萄糖注射液&#@,5%*250ml,静脉滴注
36,17935,甲胎蛋白(AFP),,
37,F00002218258,一次性使用医用雾化器（咬咀型）（斯莱达）,,
39,F00002218594,一次性注射器10ML/因特圣,10ML 9#因特圣,静脉注射
40,Y00000000314,重酒石酸去甲肾上腺素注射液 #,1ml:2mg*2支,微泵静注
41,Y00000000789,耐能注射液&,250ml:6.25g,静脉滴注
42,Y00000002188,可必特溶液**#,2.5ml*10,氧气雾化
43,Y00000018752,灵芝孢子粉胶囊@,0.2g*30粒,口服
44,16094,结核菌涂片检查,,
46,Y00000018600,0.9%氯化钠注射液&#@,50ml:0.45g,微泵静注
47,16497,床边照片(胸部),,
49,17099,细菌涂片二项（包括各种标本）,,
51,Y00000000469,0.9%氯化钠注射液&#@,100ml:0.9g,静脉滴注
52,Y00000020216,0.9%氯化钠注射液(科伦)&#@,10ml:0.09g,氧气雾化
55,F00002212423,蓝头真空管,,
57,F00002204353,Ⅱ级护理,,
61,17134,粪便分析(Rt+OB),,
62,17136,尿干化学与沉渣分析,,
70,Y00000000704,诺和灵（R）注射液*#,10ml:400iu,皮下注射
74,Y00000002281,舒利迭吸入剂#,50ug/500ug*60吸,吸入
75,F00002204346,院内会诊,,
78,F00002218597,一次性注射器50ML/因特圣,,微泵静注
82,16785,他克莫司全血药物浓度测定,,
83,Y00000020020,丙泊酚针(迪施宁)**,50ml:1g,微泵静注
84,F00002204389,皮内注射,,皮试
85,17132,血型分析,,
86,18524,呼吸道常见病毒抗原筛查与鉴定(直接法),,
87,17879,血气分析,,
92,Y00000004911,宜利治分散片&,160mg*10片,口服
93,F00002212424,黑头真空管,,
99,16965,床边心电图（心电图室）,,
102,F00002213152,鼻饲管置管(使用各种泵每小时加收),,鼻饲
103,F00002220498,静脉药物集中配置（抗肿瘤化学药物集中配置）,,
104,17717,肺肿瘤五项,,
106,Y00000018695,亮博胶囊#,0.1g*6粒,口服
108,16175,静脉血细胞分析,,
109,F00002204390,静脉注射,,
110,Y00000001121,开瑞坦片*#,10mg*6,口服
112,Y00000000459,0.9%氯化钠注射液(玻瓶)&#@,0.9%*500ml,漱口
115,F00002207304,肺通气功能检查,,
116,Y00000020131,0.9%氯化钠针(四药)&#@,50ml:0.45g,微泵静注
117,F00002204388,皮下注射,,
119,Y00000002279,思力华吸入剂(附吸入器)**#,18ug*10粒,吸入
121,Y00000007Z09,枳实颗粒一方,相当于饮片6G,冲服
124,17708,痰培养鉴定+药敏试验五项,,
126,999,记出入量,,
127,F00002220500,静脉药物集中配置（其他药物集中配置）,,
132,Y00000000235,异舒吉注射液**#,10ml:10mg*10,微泵静注
133,Y00000001906,波立维片*#,75mg*7,口服
134,20586,真菌抗原二项血清检测,,
139,F00000180135,硅胶管（引流管)12号,,
140,Y00000018915,津欣针#,30mg,静脉注射
141,F00002218240,一次性吸痰管12号（广东电白）,,
142,F00002207349,经纤支镜治疗,,
145,Y00000019982,明可欣针**#,1.5g,静脉滴注
147,F00002207311,残气容积测定,,
149,Y00000003024,开塞露 ,20ml,外用
150,F00002220362,静脉留置针护理,,
151,17448,头部螺旋CT平扫+增强(造影剂另计),,
152,F00002212420,红头促凝真空管,红色5ml/双标签,
153,17100,CX3生化八项,,
157,Y00000001373,美卓乐片**&#,4mg*30,口服
162,Y00000018722,耐信针**,40mg,静脉注射
171,F00002233356,针管回缩式聚氨酯静脉留置针/18G*29mm威高,,
176,17792,引流管更换,,
179,F00000181274,一次性采血真空管,,
185,Y00000000899,松酶乐注射液,4mg/2ml*10,静脉滴注
186,Y00000020049,新斯的明针(信谊)#,2ml:1mg*10支,静脉注射
187,Y00000007A19,川芎颗粒一方,相当于饮片6G,冲服
190,F00002218260,三通管（百特）,,
192,F00002218242,肝素锁（苏州华林）,,
193,Y00000018905,血塞通软胶囊@#,100mg*12粒,口服
197,17855,动脉采血,,
198,Y00000000257,2%利多卡因注射液 ,10ml:0.2g*5支,氧气雾化
199,F00000181791,一次性采血针头,,
202,Y00000019807,榄香烯注射液&%,100mg/20ml*8,静脉滴注
204,Y00000020121,0.9%氯化钠注射液&#@,10ml:0.09g,氧气雾化
205,Y00000019836,他克莫司胶囊**#,0.5mg*50,口服
206,Y00000001966,骁悉胶囊*#,0.25*40,口服
207,Y00000001559,顺尔宁片*#,10mg*5,口服
208,F00002215209,超细经鼻电子胃镜检查,,
209,17078,心梗鉴别六项,,
212,F00002204371,口腔护理,,
215,Y00000000063,(济南)葡萄糖酸钙注射液 #,10ml:1g*5支,静脉注射
221,F00002207305,肺弥散功能检查,,
224,Y00000019916,叶酸片(海王) #,5mg*100,口服
228,F00002217914,一次性注射器2ML/上海双鸽,,肌肉注射
229,17930,糖化血红蛋白,,
231,Y00000018485,10%氯化钾溶液,10%*30ml,口服
232,17065,肝功八项,,
235,F00002229656,绿色10ml真空采血管（BD）,,
236,Y00000019921,茶碱缓释片#,0.1g*50片,口服
240,Y00000019969,枢维新针#,10ml:0.1g,静脉滴注
241,Y00000019872,百令胶囊#@,0.5g*42,口服
242,Y00000020046,思力华能倍乐喷雾剂**#,2.5μg*60揿/瓶,喷雾给药
243,Y00000019640,切诺肠溶软胶囊,0.3g*18粒,口服
246,F00000180035,一次性吸痰管(一般),,
250,Y00000019540,时尔平缓释胶囊#,0.1g*24粒,口服
252,19444,抗核抗体谱十一项,,
253,16848,降钙素原检测（PCT）,,
254,18237,巨细胞病毒核酸定量检测(CMV-DNA),,
259,F00002224031,动脉采血器/普通型(BD),,
261,F00002213137,使用防褥疮气垫(床)加收,,
262,16222,结核分枝杆菌核酸检测（TB-DNA）,,
264,F00000180313,一次性血氧饱和度探头MASIMO,,
265,18107,心电图（心电图室）,,
266,F00002218369,一次性使用一体式吸氧管（舒氧宝）,,
268,Y00000000349,青霉素钠针(粉针)#,80万u,皮试
269,Y00000000454,甲强龙针**#&,40mg,静脉滴注
275,F00002218596,一次性注射器30ML/因特圣,,静脉滴注
278,Y00000020013,门冬氨酸钾镁针(海南)&#,10ml*5,静脉滴注
279,F00002204369,动静脉置管护理,,
286,Y00000001088,泛福舒胶囊**,7mg*10,口服
290,Y00000002230,爱全乐溶液**#,500ug:2ml*10,氧气雾化
291,F00000180232,尿袋（一次性引流袋）,,
292,16888,血B型钠尿肽前体（PRO-BNP）,,
293,Y00000020092,卡博平片*#,50mg*45片,口服
294,17871,CRP,,
307,F00000181126,加长延长管（1.5米）,,微泵静注
308,Y00000001391,硝酸甘油片#,0.5mg*100,舌下含服
309,F00002213138,气管插管护理,,
310,Y00000019975,万爽力片**#,20mg*30,口服
319,Y00000007A41,桔梗颗粒一方,相当于饮片10G,自煎
320,Y00000001138,得每通胶囊**#,150mg*20,口服
328,Y00000000715,5%葡萄糖注射液&#@,5%*500ml,静脉滴注
332,Y00000000202,肝素钠注射液#,2ml:12500u,其他
334,Y00000001214,呋塞米片#,20mg*100,口服
335,F00002211965,日常生活能力评定,,
339,Y00000019745,甘舒霖R注射液#,10ml:400iu,静脉滴注(肠外)
342,Y00000007G54,石膏颗粒一方,相当于饮片15G,冲服
343,Y00000001464,保列治片*,5mg*10,口服
346,F00002220496,压疮护理,,
347,Y00000001022,螺内酯片#,20mg*100,口服
352,Y00000019558,瑞派林针,2.5g,静脉滴注
353,Y00000001381,耐信肠溶片**#,20mg*7,口服
356,Y00000007B36,百部颗粒一方,相当于饮片10g,冲服
357,Y00000018192,50%葡萄糖注射液&#@,100ml:50g,静脉滴注(肠外)
358,17275,肝胆脾胰B超,,
359,16394,胸部正侧位,,
360,Y00000019712,茶碱缓释片#,0.1g*30片,口服
362,17146,凝血四项,,
365,Y00000004859,尤金片#&,4mg*24片,口服
369,17348,髂静脉彩超,,
375,Y00000001447,潘南金片**&#,140mg/158mg*50片,口服
380,Y00000018541,复方聚乙二醇电解质散(和爽),137.15g,口服
386,F00002204351,特级护理,,
390,Y00000002277,信必可都保**#,(160ug:4.5ug)*60吸,吸入
393,Y00000002148,普米克令舒**#,1mg/2ml*5,氧气雾化
398,17905,肺炎支原体血清学试验,,
399,F00002206383,普通视力检查,,
401,Y00000001085,倍它乐克片*#,25mg*20,口服
403,Y00000019661,氯化钾缓释片(补佳泰)&#,0.5g*48片,口服
404,F00002218251,一次性使用医用雾化器（面罩型）（斯莱达）,,
407,F00002227296,一次性使用精密过滤输液器（带螺口）,,静脉注射
412,Y00000019557,钠钾镁钙葡萄糖注射液(乐加),500ml,静脉滴注
413,17261,心脏彩色超声(加心功能),,
427,Y00000008091,生理氯化钠溶液(外用),500ml,外用
430,Y00000003100,扶他林乳胶剂*#,20g,外用
437,17964,床边多导联心电图(病房自做),,
439,Y00000001422,普乐可复胶囊**#,0.5mg*50,鼻饲
440,Y00000002136,杜密克口服溶液**#,15ml*6,口服
446,Y00000007A36,牛膝颗粒一方,相当于饮片10G,冲服
447,Y00000001042,络活喜片*#,5mg*7,口服
450,Y00000001386,硝苯地平片#,10mg*100,舌下含服
453,17257,全身骨显像,,
454,16109,一般细菌培养及鉴定,,
455,Y00000000420,力月西注射液 #,2ml:10mg,静脉注射
461,F00002232837,A级三人以上房间（严格隔离加收）,,
462,17794,遥控心电监护,,
468,Y00000000676,5%葡萄糖注射液&#@,5%*100ml,微泵静注
470,F00002208411,麻醉中监测8-13项,,
475,F00002220367,拔除引流管,,
477,F00002231798,密闭式静脉留置针/Y型/BD,,
484,Y00000020190,易维适胶囊#,0.2g*24粒,口服
485,F00002213154,引流管引流,,
486,Y00000007C71,芥子颗粒一方,相当于饮片10G,冲服
490,F00002206351,电脑血糖监测,,
492,Y00000020033,雷贝拉唑钠肠溶片(舒泰得),10mg*12片,口服
497,F00002220917,抗肿瘤化学药物配置（抗肿瘤化学药物配置）,,
512,Y00000019583,艾贝宁注射液,2ml:200ug,微泵静注
513,Y00000019776,磷酸肌酸钠针(英联)#,0.5g,静脉滴注
517,Y00000000027,重酒石酸间羟胺注射液,1ml:10mg*2支  (19mg),静脉注射
522,Y00000000756,络泰(冻干粉针),400mg,静脉滴注
534,Y00000018767,万特普安注射液,1ml,其他
539,17948,红细胞沉降率测定(血沉),,
543,F00002204387,肌肉注射,,
548,Y00000019655,乙酰半胱氨酸片(富露施)#,0.6g*12片,口服
549,Y00000019720,硫酸氢氯吡格雷片#,25mg*20片,口服
555,Y00000020130,佛迪胶囊,0.325g*48,口服
556,Y00000020185,肝素钠针(海普天)#,2ml:12500u,动脉抽血
560,18225,甲型H1N1流感病毒 A(H1N1),,
564,F00002207320,支气管激发试验,,
567,Y00000020019,伏立康唑片,50mg*4片,口服
572,F00002213284,床边心电图加收,,
573,17475,副鼻窦CT平扫(只有横断图像),,
588,Y00000020235,呋塞米注射液(润弘)#,20mg:2ml*10,静脉注射
592,Y00000001074,泛福舒胶囊 **,3.5mg*10,口服
594,17330,双侧下肢静脉彩超(全程),,
597,F00002217913,一次性注射器1ML/上海双鸽,,皮下注射
603,Y00000019097,拜瑞妥片,10mg*5片,口服
609,16201,床边单导联心电图(病房自做),,
610,Y00000018895,注射用复合辅酶(鑫贝科)@,0.2mg:200单位,静脉滴注
611,Y00000019728,格列美脲片 #,2mg*24片,口服
615,18444,C-反应蛋白（快速法）,,
628,Y00000018226,珂丹片**#,0.2g*30片,口服
632,20546,结核感染T细胞检测（免疫斑点法）,,
645,Y00000018880,0.9%氯化钠注射液&#@,10ml:0.09g,静脉注射
646,F00002217900,一次性吸氧管OT-MII（中）（北京）,,
648,Y00000018274,0.9%氯化钠注射液&#@,250ml:2.25g,静脉滴注
650,Y00000002153,博利康尼雾化液**#,5mg/2ml*20支,氧气雾化
651,17944,血浆D-二聚体测定,,
652,Y00000019119,尿毒清颗粒#,5g*18袋,口服
657,20486,全身红外热成像检测（12部位）,,
670,20266,诱导痰细胞学分类,,
673,Y00000000007,安达美注射液*,10ml*10支,静脉滴注
683,Y00000007A13,山药颗粒一方(单味自费),相当于饮片10G,冲服
685,Y00000020210,2%利多卡因针(天圣),5ml:0.1g*5支,氧气雾化
688,Y00000018816,辰雅注射液,100ml:50mg,静脉滴注
692,17641,冠状动脉CT造影+三维重建（造影剂另计）,,
698,17118,真菌培养及鉴定+真菌药敏,,
704,Y00000019837,他克莫司胶囊**#,1mg*50,口服
710,F00002212425,红头干燥真空管,,
719,18220,血传播八项,,
722,Y00000001353,拜复乐片**#,400mg*3,口服
732,16845,（G试验）真菌1-3-β-D-葡聚糖定量检测,,
733,F00002207460,白细胞除滤,,
740,17298,泌尿系彩超,,
741,F00002220454,血糖试纸/拜安捷/240060008,,
744,17068,血脂四项,,
745,16805,血清前白蛋白测定,,
747,F00002233355,避光输液器/TPE威高,,静脉滴注
749,F00002204033,机械辅助排痰,,
752,Y00000019673,单硝酸异山梨酯缓释胶囊#,50mg*10粒,口服
755,Y00000019633,泰勒宁片,5mg/325mg*10片,口服
756,Y00000004940,醋酸泼尼松片#&,5mg*100片,口服
757,Y00000000275,卡路注射液 #,20%*250ml,静脉滴注(肠外)
763,Y00000019027,安维汀注射液,100mg(4ml),其他
765,19767,抗核抗体定量(ANA),,
766,Y00000018952,内舒拿鼻喷雾剂**,0.05%  60揿,喷鼻
769,17326,双侧下肢A彩超全程(包双股总浅深腘胫前后、足背A）),,
777,F00002217899,一次性吸氧管OT-MII（大号）（北京）,,
792,17568,胸部螺旋CT平扫,,
802,Y00000000432,瑞捷针,1mg,微泵静注
804,Y00000001846,复方红豆杉胶囊&,0.3g*12,口服
808,Y00000007B35,柴胡(北)颗粒一方,相当于饮片6G,冲服
809,Y00000018548,新克君针,3.0g(2g:1g),静脉滴注
817,17276,泌尿系B超(双肾、输尿管、膀胱、前列腺）,,
818,Y00000018973,拜阿司匹灵肠溶片**#(国产),100mg*30片,口服
824,F00002207392,动态心电图,,
828,Y00000000669,泰索帝注射液**&%,20mg,静脉滴注
832,F00002211991,运动疗法(各关节活动度训练),,
838,F00002204183,人工扩肛治疗,,
849,20407,血管炎三项,,
851,F00002206430,眼压检查(非接触眼压计法或压平眼压计法),,
857,Y00000019528,盐酸二甲双胍肠溶片#,0.25g*100片,口服
859,F00002219935,一次性加药注射器20ML/康德莱,,
869,Y00000000577,拜复乐注射液 #,250ml:400mg,静脉滴注
886,Y00000004917,同奥注射液&%,10ml:0.1g,静脉滴注
888,17918,总IgE测定,,
908,Y00000000457,10%氯化钠注射液&#@,1g:10ml*5,口服
913,Y00000019060,胸腺五肽注射液(通达)&,1ml:10mg,肌肉注射
917,Y00000019891,依托泊苷注射液(齐鲁)&%,0.1g:5ml,静脉滴注
918,Y00000018379,来立信注射液#,250ml:0.5g,静脉滴注
926,Y00000000725,美平针**,0.5g,静脉注射
937,Y00000018201,注射用磷酸肌酸钠#,1.0g,静脉滴注
953,F00002203986,一氧化氮呼气测定,,
955,16181,血脂六项,,
967,Y00000008353,紫苏子,10g.15g ,自煎
968,Y00000007A16,白芍颗粒一方,相当于饮片10G,冲服
969,Y00000001978,安普索片#,30mg*20,口服
983,17086,风湿三项,,
985,20227,肝功一组,,
986,Y00000000434,灭菌注射用水@#,500ml,其他
1002,Y00000020118,信必可都保**#,(320ug:9ug)*60吸,吸入
1007,Y00000019582,丙泊酚中/长链脂肪乳注射液(竟安),20ml:0.2g,微泵静注
1010,F00002207417,心电监测,,
1017,F00002207561,纤维结肠镜检查(电子镜),,
1022,Y00000002271,化癥回生口服液 &,10ml*6支,口服
1025,F00000180095,一次性压力延长管,,
1030,F00002204350,重症监护,,
1045,F00002223431,预充式导管冲洗器5ML/威海洁瑞,,
1046,F00002204433,小换药,,
1052,20695,IgE烟曲霉（m3）,,
1061,Y00000002063,思密达散剂**,3g*10,口服
1064,F00002207322,支气管舒张试验,,
1065,Y00000001240,拜唐苹片*#,50mg*30片,口服
1067,17797,留置导尿,,
1078,Y00000018358,新泰林针@,0.5g,静脉滴注
1079,17082,胰功两项,,
1082,17963,运动平板心电图,,
1125,Y00000019577,盐酸帕洛诺司琼注射液(吉欧停),5ml:0.25mg,静脉注射
1128,17096,真菌抗原三项血清检测（检验科）,,
1135,Y00000018473,诺和锐(特充)**#,100U/ml*3ml,皮下注射
1144,Y00000001147,地塞米松片 #&,0.75mg*100,口服
1145,F00002217768,针管回缩式静脉留置针20G×29mm（威高）,,
1147,F00002204910,B超常规检查(妇科(含子宫、附件、膀胱及周围组织)),,
1149,Y00000018599,5%葡萄糖注射液&#@,50ml:2.5g,微泵静注
1152,F00002217767,针管回缩式静脉留置针18G×29mm（威高）,,
1159,F00002218589,黄头真空管,,
1167,F00000181494,去白细胞滤器,,
1170,F00002218370,胰岛素笔用针头（BD）（320632型）,,
1171,F00002213279,胸腔穿刺术后留置管抽液(注药),,
1176,F00002233358,针管回缩式聚氨酯静脉留置针/22G*25mm威高,,
1182,Y00000001955,兰悉多片#,15mg*14,口服
1195,Y00000000541,注射用灯盏花素(龙津针)#,50mg,静脉滴注
1196,Y00000000675,10%葡萄糖注射液&#@,10%*250ml,静脉滴注
1197,Y00000019940,脾氨肽口服冻干粉@,2mg*5瓶,口服
1210,F00002233357,针管回缩式聚氨酯静脉留置针/20G*29mm威高,,
1211,Y00000018900,新络纳分散片#,5mg*20,口服
1212,Y00000018882,噻吗灵针@,0.25g,静脉滴注
1217,Y00000001917,西乐葆胶囊*#,200mg*6,口服
1229,Y00000000018,氨茶碱注射液#,2ml:0.25g*10支,静脉滴注
1235,F00002220501,持续尿量监测,,
1236,F00002204401,住院静脉输血,,静滴冲管
1237,Y00000019653,注射用盐酸托烷司琼&,5mg,静脉注射
1239,Y00000000144,科赛斯针**G,50mg,静脉滴注
1246,Y00000007A21,浙贝母颗粒一方,相当于饮片10g,自煎
1251,Y00000000425,碳酸氢钠注射液&#,250ml:12.5g,其他
1252,F00002207332,呼吸机辅助呼吸,,
1259,Y00000001748,地榆升白片,0.1g*40,口服
1262,Y00000018477,盖三淳胶丸#,0.25ug*10粒,口服
1267,Y00000020117,多巴胺注射液(亚邦) #,20mg*10,微泵静注
1270,F00002218368,一次性使用吸痰管（收集器10F）/上海康鸽,,
1272,Y00000020008,硫酸镁注射液(杭州) #,10ml:2.5g*5,肌肉注射
1311,F00002207348,纤维支气管镜检查,,
1329,16887,尿液肾功四项,,
1338,F00002217890,紫红头真空管,,
1342,Y00000001272,安博维片*#,150mg*7,口服
1344,Y00000007C55,五味子颗粒一方,相当于饮片6g,冲服
1360,17796,导尿,,
1364,Y00000019592,护固莱士粘合剂,2ml,治疗
1366,Y00000019866,前列地尔注射液(力邦喜通)#,2ml:10ug,静脉注射
1369,F00002208389,血液加温治疗,,
1371,Y00000007D12,苦杏仁颗粒一方,相当于饮片10G,冲服
1388,F00002207324,床边简易肺功能测定,,
1390,Y00000007A14,玉竹颗粒一方(单味自费),相当于饮片10G,自煎
1393,Y00000001105,可乐必妥片 #,0.5g*4,口服
1399,Y00000000339,奥西康针#,42.6mg(含奥40mg),静脉滴注
1401,17084,离子四项,,
1404,Y00000000515,赛美维针,0.5g,其他
1448,Y00000002175,迪先混悬液#,120ml,口服
1461,F00002211990,运动疗法(全身肌力训练),,
1469,17297,肝胆脾胰彩超,,
1470,17965,24小时动态心电图,,
1477,Y00000019550,注射用尖吻蝮蛇血凝酶(苏灵),1单位,静脉注射
1485,18605,伏立康唑血浆药物浓度测定,,
1487,Y00000000589,艾迪注射液&,10ml ,静脉滴注
1503,Y00000004904,潘舒泰克肠溶片#,40mg*7片,口服
1507,F00002204393,动脉加压注射,,
1515,17061,肝功三项,,
1516,Y00000007F36,桑白皮颗粒一方,相当于饮片10G,自煎
1519,F00002218306,针管回缩式静脉留置针22G×25mm（威高）,,
1536,Y00000018848,舒普深针#,1.5g(1g/0.5g),静脉滴注
1544,F00002218849,胰岛素注射器（1ML/BD）,,皮下注射
1548,Y00000018881,10%氯化钾注射液(大冢)#,10ml:1g,鼻饲
1550,17075,心肌二项,,
1551,18284,心电图床旁（心电图室）,,
1554,17080,骨代谢三项,,
1558,21366,人类白细胞抗原ABDR位点核酸检测,,
1567,Y00000001346,艾诺克分散片&,40mg*24,口服
1571,Y00000018484,克赛注射液**#,0.4ml:4000AxaIU*2,皮下注射
1579,F00002204436,雾化吸入,,喷雾给药
1589,17306,甲状腺彩超,,
1595,17137,尿干化学分析,,
1609,Y00000001116,开博通片*#,12.5mg*100,口服
1622,Y00000008011,欣贝针&,1ml:5mg,静脉注射
1629,F00000181421,佰通PVC鼻胃管,,
1637,Y00000018909,注射用头孢美唑钠,1.0g,静脉滴注
1638,17943,EB病毒抗体测定,,
1643,17981,专项变应原筛查,,
1645,Y00000020265,乌苯美司胶囊&,10mg*18,口服
1650,16324,超敏C反应蛋白,,
1661,Y00000018717,复方氨基酸注射液(18AA-II)#,250ml:21.25g,静脉滴注
1666,Y00000019804,特尔立注射液&,100ug,治疗
1668,Y00000008401,苡米（薏苡仁）（单味自费),10g.15g,煎服(代煎)
1672,F00002207962,简明心理状况测验(MMSF),,
1673,17795,心电监测,,
1685,16178,双侧颈动脉+椎动脉彩超,,
1686,Y00000000543,威凡针**,200mg,静脉滴注
1692,17881,层流洁净病房,,
1698,17569,胸部螺旋CT平扫+增强(造影剂另计),,
1703,17868,尿酸,,
1718,18803,病理切片处理,,
1735,Y00000001215,高舒达片*#,20mg*30,口服
1744,Y00000004836,博路定片*#,0.5mg*7片,口服
1745,16538,交叉配血（微柱凝胶),,
1751,22226,血肺炎支原体IgM（快速法）,,
1758,16516,空腹血清C肽测定,,
1766,F00002207428,持续有创性血压监测,,
1768,Y00000007C56,栀子颗粒一方(单味自费),相当于饮片10G,冲服
1781,Y00000002182,舒利迭粉吸入剂#,50ug/250ug*60吸,吸入
1788,17807,血细胞分析（海印）,,
1796,17913,曲霉菌抗原检测（GM试验）,,
1798,Y00000000185,葡萄糖氯化钠注射液&#@,250ml,静脉滴注
1804,Y00000019575,咖啡酸片,0.1g*36片,口服
1813,Y00000000915,仙力素针,0.5g,静脉滴注
1825,F00002206400,散瞳验光,,
1829,Y00000000291,密盖息注射液**&［—］,1ml:50u*5,肌肉注射
1835,17925,胸水腺苷脱氨酶(ADA),,
1862,F00002218243,一次性静脉营养袋（3000ML）（上海曹扬）,,
1870,17721,消化道肿瘤四项,,
1871,F00002204465,引流管更换,,
1897,Y00000000582,人型-PPD注射液,50iu:1ml,其他
1898,Y00000018878,斯沃片**,0.6g*10片,口服
1904,Y00000000737,血栓通针(晨钟)@,150mg,静脉滴注
1913,Y00000001009,阿普唑仑片 #,0.4mg*100,口服
1924,17864,血糖（1小时）,,
1927,Y00000019873,10%氯化钾注射液#,10ml:1g,鼻饲
1929,Y00000000545,欣维宁注射液,100ml:5mg,静脉滴注
1933,Y00000019886,阿拓莫兰针#,1.0g,静脉滴注
1939,Y00000020217,0.9%氯化钠针(怡翔玻瓶)&#@,0.9%*500ml,其他
1944,Y00000007G24,地龙颗粒一方,相当于饮片10G,冲服
1952,Y00000000450,0.9%氯化钠注射液&#@,500ml:4.5g,静脉滴注
1955,Y00000001608,赛治片**,10mg*50,口服
1964,F00002218310,头皮静脉留置针Y型24G（威高）,,
1967,17081,骨代谢五项,,
1969,F00002220335,一次性吸引瓶内胆（吸痰用）,,
1978,Y00000008014,德纳片*#,20ug*10片,口服
1988,Y00000020024,诺和龙片**#,2mg*30,口服
1993,17077,心酶五项,,
1996,Y00000019082,能全力混悬液,1.0Kcal/ml 500ml,鼻饲
2007,Y00000001262,哈乐缓释胶囊*,0.2mg*10,口服
2014,Y00000007A81,甘草颗粒一方(单味自费),相当于饮片3G,自煎
2021,16891,血脂八项,,
2023,F00002204478,留置导尿,,
2026,F00002213139,会阴抹洗,,
2036,F00002208363,局部浸润麻醉,,
2038,Y00000018271,立普妥片#,20mg*7片,口服
2042,16040,头颅平扫MRI ,,
2044,Y00000000374,非那根注射液@#,2ml:50mg*10支,肌肉注射
2061,21906,呼出气一氧化氮测定,,
2069,16218,TCT,,
2074,F00000180086,双腔吸氧管（5米）,,
2078,F00002207309,气道阻力测定,,
2087,Y00000001652,酮替芬片#,1mg*60,口服
2101,F00002207996,日常生活能力评定量表,,
2103,Y00000020053,启尔畅气雾剂**,100μg/6μg/120揿,喷雾给药
2111,Y00000001814,西维尔片,50ug*50,口服
2123,16298,血清蛋白电泳,,
2126,F00002219936,一次性加药注射器50ML/康德莱,,漱口
2130,16892,免疫八项,,
2133,Y00000001170,黛力新片**#,0.5mg/10mg*20粒,口服
2145,Y00000018568,肠内营养粉剂(TP)(安素)**,400g,口服
2146,Y00000000981,巨和粒针,1.5mg,皮下注射
2150,Y00000000255,呋塞米注射液#,20mg:2ml*10,静脉注射
2151,F00000181340,舒贝康中心静脉导管,,
2157,F00002207416,动态血压监测,,
2162,Y00000018572,多烯磷脂酰胆碱注射液(天兴)#,5ml:232.5mg,静脉滴注
2173,Y00000001119,康忻片**#,5mg*10,口服
2179,Y00000018761,天晴甘美注射液,10ml:50mg*2支,静脉滴注
2183,Y00000000276,左克注射液 #,0.1g:2ml*4,静脉滴注
2193,F00000181033,可来福输液接头C3300,,
2208,18824,凝血六项,,
2215,Y00000000892,参芪扶正注射液&,250ml,静脉滴注
2236,17778,门诊静脉输液,,
2251,F00002207328,持续呼吸功能检测,,
2252,F00000180255,*一次性吸氧管,,
2265,21708,结核分枝杆菌快速分子鉴定及利福平耐药基因检测,,
2283,Y00000019797,(俊特)亚胺培南西司他丁钠针,1g,静脉滴注
2287,Y00000018709,英凡舒注射液&,250ml:12.5g:12.5g,静脉滴注
2295,16200,血型分析(海印),,
2300,Y00000019899,康迪欣片,0.5g(相当于362.6mg)*6,口服
2316,Y00000018696,凯宝川苧胶囊#,0.2g*10粒,口服
2320,F00002209725,胸腔闭式引流术,,
2337,Y00000000484,舒敏针&,100mg*5,肌肉注射
2344,16474,膝关节正侧位,,
2346,19571,肺肿瘤六项,,
2360,Y00000020126,18AA-VⅡ针(捷苏)#,200ml:20.650g,静脉滴注
2362,Y00000019988,喜美欣肠溶片,500mg*10片,口服
2363,17646,胸部肺动脉、静脉CT造影+三维重建（造影剂另计）,,
2372,Y00000018584,来士普片*#,10mg*7片,口服
2381,Y00000000113,大扶康注射液**,200mg:100ml,静脉滴注
2396,Y00000001171,复方消化酶胶囊,复方*20粒,口服
2397,17955,茶碱血清药物浓度测定,,
2422,19566,抗环瓜氨酸肽抗体（抗CCP抗体）,,
2445,F00002206651,鼻窦冲洗,,
2488,20506,半身红外热成像检测（8部位）,,
2493,F00002228736,鼻塞导管OPT844/费雪派克,,
2499,Y00000020090,凯彤注射液#,2ml:10ug,静脉注射
2529,17718,前列腺二项,,
2538,17374,腰骶椎MRI平扫,,
2549,Y00000000117,地塞米松注射液 #&,5mg*10,静脉注射
2558,16179,酶八项,,
2579,F00002212015,康复评定,,
2592,Y00000001620,万爽力片**#,20mg*30,口服
2593,F00000180026,一次性引流袋,,
2599,Y00000020191,盛西凯分散片#,(7:1)*12,口服
2601,Y00000007A01,党参颗粒一方(单味自费),相当于饮片10G,冲服
2613,Y00000020039,别嘌醇片(世贸天阶) &#,100mg*100,口服
2615,Y00000018963,云南白药,4g*1瓶,口服
2626,Y00000000673,葡萄糖氯化钠注射液&#@,500ml,静脉滴注
2629,F00000180062,螺旋接头,,
2641,Y00000007F68,竹茹颗粒一方,相当于饮片10G,自煎
2650,F00002204438,雾化吸入(超声),,
2653,Y00000001921,可多华缓释片*#,4mg*10,口服
2665,Y00000018793,羧甲司坦片(霸灵)#,250mg*12片,口服
2679,Y00000018892,红景天,6g,冲服
2682,16138,尿β2-微球蛋白测定,,
2697,Y00000007C02,陈皮颗粒一方(单味自费),相当于饮片6g*1,冲服
2700,Y00000018863,泮托拉唑钠肠溶胶囊(U比乐)#,40mg*7粒,口服
2720,Y00000000998,静安注射液**,50ml:1g,微泵静注
2727,Y00000018573,多索茶碱注射液#,10ml:0.1g,静脉滴注
2731,F00002204366,吸痰护理,,
2734,Y00000020227,50%葡萄糖针(四药)&#@,100ml:50g,静脉滴注
2748,19769,25-羟基维生素D,,
2749,Y00000000352,潘妥洛克针**#,40mg,静脉注射
2754,19766,抗心磷脂抗体两项,,
2795,Y00000020062,水溶性维生素针(星妥惟),1瓶,静脉滴注
2797,F00002224032,动脉采血器/安全型（BD）,,
2827,Y00000001868,合贝爽缓释胶囊 ,90mg*10,口服
2846,Y00000018117,党参(单味自费),10g.15g ,煎服(代煎)
2848,Y00000019109,为力苏片**,50mg*20片,口服
2868,16119,结核菌培养（鉴定）,,
2874,Y00000020212,去乙酰毛花苷注射液#,2ml:0.4mg,静脉注射
2879,F00002228155,可来福输液接头MC100（透明型）,,
2917,F00000180070,引流管（一次性负压球）,,
2919,Y00000018706,奥迈必利缓释胶囊 ,0.25g*10粒,口服
2935,Y00000000093,尼可刹米(禾丰),1.5ml:0.375g*10支,静脉注射
2941,Y00000004897,甘露聚糖肽注射液(多抗)&%,2ml:5mg,静脉滴注
2947,17122,血培养二项(需氧+厌氧)+药敏一项,,
2955,17770,皮下注射,,
2956,Y00000019026,乙酰半胱氨酸片(富露施),600mg*4片,口服
2957,F00002207384,常规心电图检查,,
2962,Y00000009990,天龙咳喘灵胶囊,0.3g*42粒,口服
2976,Y00000000310,硫酸镁注射液 #,10ml:2.5g*5,灌肠
2983,20766,涎液化糖链抗原（KL-6）,,
3009,17575,上腹部（肝胆胰脾）螺旋CT平扫+增强（造影剂另计）,,
3011,Y00000019933,口服补液盐Ⅲ &,5.125g*6袋,口服
3012,Y00000000812,古拉定针**#,600mg,静脉注射
3021,Y00000020075,多巴胺针(国瑞) #,20mg,静脉注射
3030,Y00000018916,米乐松针#&,20mg,静脉滴注
3041,Y00000001614,万艾可片,100mg*5片,口服
3067,F00002204404,门诊静脉输液,,
3088,Y00000007A12,黄芪颗粒一方(单味自费),相当于饮片10g,冲服
3104,Y00000019887,美罗培南针(舒罗克),1.0g,静脉滴注
3117,Y00000001396,制霉菌素片,50万u*100,外用
3132,Y00000002100,万托林吸入气雾剂*#,100ug/喷200d,喷雾给药
3134,Y00000018145,倍他乐克缓释片**#,47.5mg*7片,口服
3136,F00002205073,胃食管返流显象,,
3138,17686,生化八项,,
3162,16189,总前列腺特异性抗原(TPSA),,
3168,F00002220214,静脉留置针/贝朗22G,,
3173,F00002213494,面罩（BIPAP鼻罩+头带）,,
3177,21086,普乐可复血清药物浓度测定,,
3179,17819,全身PCT,,
3183,Y00000000120,波贝注射液&%,10ml:100mg,静脉滴注
3185,F00002218177,透明敷贴（IV3000）4630/10X12cm/施乐辉,,
3187,Y00000000891,氨甲苯酸注射液,10ml:100mg*5,静脉滴注
3192,F00002206680,纤维喉镜检查,,
3205,17104,甲功五项,,
3209,17867,尿肌酐,,
3212,Y00000002251,惠菲宁溶液(成人),100ml:840mg,口服
3214,F00002204431,中换药,,
3217,Y00000000872,人免疫球蛋白(pH4)(武汉瑞德),2.5g:50ml,静脉滴注
3224,16186,生化六项（海印）,,
3235,Y00000018702,安利博胶囊#,150mg:12.5mg*10粒,口服
3255,F00002226696,植入式输液港留置针/美国史密斯,,
3284,Y00000002280,思力华吸入剂**#,18ug*10粒,吸入
3291,Y00000018904,脾氨肽口服冻干粉@,2mg*5瓶,口服
3292,Y00000020050,艾思瑞胶囊*,100mg*54粒,口服
3298,Y00000001364,妙纳片*,50mg*20,口服
3303,Y00000019895,赛可平片#,0.25g*40片,口服
3305,Y00000019779,诺新康注射液,2ml:10mg*6,静脉滴注
3313,Y00000018211,诺和锐30(特充)**#,100U/ml*3ml,皮下注射
3319,F00000180222,艾贝尔压力延长管（旋塞）,,
3327,Y00000008832,茯苓,10g.15g  ,煎服
3342,Y00000000895,天普洛安针,10万u,静脉注射
3345,17301,泌尿系彩超(加肾血管),,
3361,F00002224814,耐药三通(带延长管)(贝朗),,静脉滴注
3364,Y00000020113,去乙酰毛花苷针(海普)#,2ml:0.4mg*2支,静脉注射
3393,16321,血清铁蛋白（FER）,,
3401,F00002219914,输血器/龙心,,静脉滴注
3427,F00002204035,膀胱冲洗,,
3431,17551,双侧颈内静脉彩超,,
3447,F00002212261,其他推拿治疗,,
3453,Y00000000038,(欧泊)两性霉素B针,25mg,氧气雾化
3457,22266,凝血五项（海印）,,
3458,17339,临床操作的B超引导,,
3493,F00002204355,特殊疾病护理,,
3507,F00002235235,一次性呼吸回路/白色单管套装/东莞永胜,,
3521,Y00000019977,倍能针,1.0g,静脉滴注
3523,Y00000018577,奥德金注射液,10ml:0.4g,静脉滴注
3524,21047,G试验及内毒素二项,,
3525,Y00000001880,欣康片#,20mg*48,口服
3528,16135,胸水生化,,
3539,Y00000019904,达美康缓释片*#,60mg*30,口服
3545,Y00000000470,特治星针**［—］,4.5g(4g:0.5g),静脉滴注
3569,Y00000019925,人免疫球蛋白(泰邦静丙)*,2.5g:50ml,自注
3586,F00002204372,会阴冲洗,,
3594,F00002207338,睡眠呼吸监测,,
3598,Y00000020081,喜炎平注射液,5ml:125mg,静脉滴注
3599,Y00000002105,普米克都保**#,100mcg*200喷,吸入
3602,F00000181122,PX260爱德华动脉测压套件,,
3606,16117,真菌培养及鉴定（每个取材部位）,,
3628,18544,门诊（静脉）血细胞分析,,
3637,Y00000019663,裸花紫珠片,0.5g*36片,口服
3640,Y00000020109,左克注射液@,0.1g:2ml*6,静脉滴注
3649,F00002218302,一次性流汁喂灌器50ml （鼻饲灌食器）（灵洋）,,
3655,Y00000003142,喜辽妥膏**,14g,外用
3661,17946,地高辛血清药物浓度测定,,
3665,19507,床边多导联心电图（急诊）,,
3667,Y00000019639,蒲地蓝消炎口服液,10ml*12支,口服
3686,Y00000007F69,桂枝颗粒一方,相当于饮片6G,冲服
3697,F00002217891,尿袋（贝朗精密尿液储量器）（BRAUN/沃美）,,
3703,Y00000000663,10%葡萄糖注射液&#@,10%*100ml,静脉注射
3707,Y00000019932,卫可安肠溶胶囊#,40mg*7粒,口服
3721,Y00000000721,甲氧氯普胺注射液&,10mg:1ml*10,肌肉注射
3733,F00002218262,双腔中心静脉导管（7FR*20CM）（箭牌）,,
3734,F00000180037,硅胶吸痰管(一般),,
3742,Y00000001291,乐松片*,60mg*20,口服
3745,17247,肺灌注显像,,
3747,17578,双肾+肾上腺螺旋CT平扫+增强（造影剂另计）,,
3767,F00000180186,BIPAP面罩（鼻罩＋头带）,,
3786,F00002204412,静脉高营养治疗配置,,
3790,Y00000019587,来适可缓释片*,80mg*7片,口服
3794,Y00000018724,钙尔奇D600片*#,复方*30片,口服
3798,Y00000009046,抗病毒口服液,10ml*10支,口服
3809,4896,头颅(MRI)平扫+增强,,
3819,Y00000008006,申捷注射液,2ml:20mg,静脉滴注
3832,Y00000020241,多索茶碱针(安思平)**#,10ml:0.1g,静脉滴注
3834,16104,常规药敏定量试验（MIC）,,
3840,Y00000001363,沐舒坦片**#,30mg*50,口服
3864,Y00000002073,妈咪爱颗粒*,1g*15,口服
3879,18905,纤维胃十二指肠镜检查(电子镜),,
3881,F00002230455,3M透明敷贴9546HP,,
3890,F00002220371,血糖试纸/稳豪/广州器化,,
3898,Y00000018791,蓝芩口服液,10ml*12支,口服
3915,Y00000001255,氢氯噻嗪片#,25mg*100,口服
3955,Y00000019783,特尔津针&,200ug,皮下注射
3992,Y00000001097,氯硝安定片 #,2mg*100,口服
4008,Y00000007C21,桃仁颗粒一方,相当于饮片10G,冲服
4010,Y00000000386,吡柔比星针&%,10mg,静脉滴注
4019,Y00000019090,佳维体混悬液,500ml,鼻饲
4020,Y00000008321,桃仁,5g.15g ,煎服
4029,Y00000019565,缬沙坦氨氯地平片(倍博特)#,缬80mg:氨5mg*7片,口服
4043,21353,血小板聚集试验（ADP诱聚剂）,,
4074,Y00000020145,兰索拉唑肠溶片(君丹)#,15mg*14,口服
4083,Y00000000012,人血白蛋白(贝林)G(限工伤保险),20% 50ml:10g,静脉滴注
4097,16182,代谢六项,,
4105,F00002231256,一次性使用泵用输液器/M46441000费森尤斯,,
4135,F00002205022,超声计算机图文报告,,
4147,F00002233455,一次性使用静脉营养输液袋/全EVA 3L/江苏康进,,静脉滴注
4150,19628,成人哮喘/鼻炎专项IgE变应原,,
4168,Y00000001134,康迪欣片,0.25g(相当于181.3mg)*6,口服
4171,F00002204427,特大换药,,
4176,F00002215201,人工气道压力滴定试验,,
4202,Y00000019756,伏立康唑片,50mg*10片,口服
4222,17865,血糖（2小时）,,
4244,Y00000000301,双氯芬酸钠注射液,2ml:50mg*10支,肌肉注射
4253,F00002228735,加热呼吸管路900PT501/费雪派克（呼吸机回路）,,
4254,F00002212723,佰通营养输注泵管（针式）,,
4266,F00002218363,双旋接头延长管L3002/白色360度,,
4273,F00002204656,磁共振平扫(1.5T以上)(腰椎),,
4307,Y00000020047,通达注射液&,1ml:10mg,肌肉注射
4311,F00002204437,雾化吸入(氧气雾化吸入加收),,
4315,Y00000001084,日夜百服咛片*,0.5*12,口服
4318,F00002224294,一次性使用防逆流引流袋,,
4324,F00002204445,注食、注药、十二指肠灌注,,
4325,Y00000000718,岩舒注射液&,5ml*5支,静脉滴注
4328,F00002218297,一次性鼻塞（人工鼻）PX-100/570/015,,
4345,Y00000001533,消脱止-M片**,25mg/400mg*50,口服
4376,Y00000001659,希舒美片*#,250mg*6,口服
4383,Y00000001368,弥可保片*#,500ug*20,口服
4387,F00002233706,皮肤防护处理160（压疮预防、失禁性皮炎皮肤发红无破损）,,
4402,F00002222565,一次性呼吸机回路管道RT340/进口,,
4403,Y00000000821,奥德金注射液,0.2g:5ml*5支,静脉滴注
4411,Y00000018142,阿拓莫兰片#,0.1g*36片,口服
4415,19084,(3.0T)胸部MRI平扫,,
4424,Y00000008355,醋五味子,5g,自煎
4431,Y00000018564,参松养心胶囊,0.4g*36粒,口服
4447,Y00000018338,格华止片#,0.5g*20片,口服
4501,F00000181127,延长管（扭迪西亚瓶装泵管）,,鼻饲
4516,Y00000019784,特尔津针&,150ug,皮下注射
4554,F00002212293,烫熨治疗,,
4563,Y00000004842,吗丁啉片&#,10mg*42片,口服
4579,19747,甲型流感病毒及乙型流感病毒核酸检测,,
4590,Y00000019567,尤文注射液#,10% 100ml:10g,静脉滴注(肠外)
4596,Y00000000893,普乐可复注射液**,5mg:1ml,其他
4611,Y00000018685,罗亭针&,5mg,静脉注射
4614,17103,性激素六项,,
4624,19247,快速血气分析,,
4630,Y00000008124,生地,10g.15g ,煎服(代煎)
4643,Y00000001779,威凡片**,200mg*10片,口服
4648,17479,鼻咽螺旋CT平扫(只有横断图像),,
4700,17476,副鼻窦螺旋CT平扫+三维重建,,
4715,F00000180223,硅胶管（引流管）8号,,
4729,Y00000019651,茶碱缓释片#,0.1g*15片,口服
4737,18545,末梢血细胞分析,,
4740,Y00000018777,优泽片**,5mg*7片,口服
4747,Y00000000394,伯尔定注射液**&%,150mg:15ml,静脉滴注
4748,Y00000001271,安博诺片 #,150mg/12.5mg*7,口服
4754,F00002211955,气压治疗(肢体正负压治疗),,
4766,Y00000019578,捷诺维片,100mg*14片,口服
4768,Y00000001058,肾上腺色腙片,2.5mg*100,口服
4775,16404,腹部正位,,
4779,F00002228656,预冲式冲管注射器10ml（导管冲洗器）/山东威高,,
4781,Y00000007E23,麻黄颗粒一方,相当于饮片5g,冲服
4790,Y00000020079,爱赛平鼻喷剂**,10ml,喷鼻
4801,17412,头颅MRA,,
4841,F00002233718,创面促愈处理100（10cm以下(伤口部分皮层缺失未累及皮下组织)）,,
4855,Y00000001596,舒敏缓释片*&,100mg*10,口服
4870,Y00000001547,思诺思片*#,10mg*20,口服
4894,Y00000019880,速碧林注射液*#,0.4ml*2支,皮下注射
4912,F00002206398,验光,,
4930,Y00000008673,夜交藤(首乌藤）,10g.15g ,煎服
4932,Y00000018609,培美曲塞二钠(赛珍),0.2g,静脉滴注
4970,Y00000002244,斯皮仁诺口服液**,150ml:1.5g,口服
4975,Y00000001191,易善复胶囊*#,228mg*24粒,口服
4995,17097,肺部细菌感染血清抗体二项,,
5003,F00002204373,床上洗发,,
5006,17277,肾上腺B超,,
5012,F00002218315,一次性输液器（双钢针）（威高）,,静脉注射
5042,Y00000000743,力能注射液*#,20%*250ml,静脉滴注
5049,F00002204374,擦浴,,
5062,Y00000007H35,猪苓颗粒一方,相当于饮片10g,自煎
5063,Y00000000118,右旋糖酐40葡萄糖注射液(瓶装),500ml,其他
5070,Y00000008523,麻黄,5g,煎服
5071,Y00000018728,凯纷注射液,5ml:50mg,静脉注射
5117,F00002218311,头皮静脉留置针Y型20G（威高）,,
5165,18430,甲型流感病毒抗原鉴定（直接法）,,
5175,Y00000000153,亚宁定注射液**#,5ml:25mg,静脉注射
5224,F00002207333,无创辅助通气,,
5233,Y00000020078,尼可刹米针(海王),1.5ml:0.375g*10支,微泵静注
5236,Y00000008112,黄芪（北芪）(单味自费),10g.15g ,煎服(代煎)
5244,Y00000001152,地高辛片 #,0.25mg*100,口服
5261,Y00000019796,盐酸万古霉素针**,50万单位,静脉滴注
5273,F00002213404,胸腔穿刺置管术,,
5315,Y00000004908,美司钠注射液&%,4ml:0.4g,静脉滴注
5339,F00002220497,糖尿病足护理,,
5353,Y00000018889,丽珠肠乐胶囊 ,0.35g(含0.5亿活菌)*10,口服
5356,Y00000007C70,莱菔子颗粒一方(单味自费),相当于饮片10G,冲服
5365,F00002212021,贴敷疗法,,
5374,18651,胸部支气管动脉CT造影+三维重建(造影剂另计),,
5380,Y00000007F32,厚朴颗粒一方,相当于饮片6G,冲服
5448,Y00000020105,阿昔洛韦分散片(东信),0.1g*24片,口服
5449,F00002213282,常规心电图检查(十五导联加收),,
5495,F00000180265,一次性腹带,,
5530,Y00000019674,标准桃金娘油肠溶胶囊(成人装)**#,300mg*20粒,口服
5541,Y00000019901,仙力素针,1.0g,静脉滴注
5551,Y00000000596,思他宁注射液**#,3000ug(3mg),微泵静注
5552,Y00000008831,神曲(建曲),10g ,煎服
5567,Y00000019516,维C银翘片,1片*24片,口服
5577,Y00000020205,奥拉西坦注射液,5ml:1.0g*6,静脉滴注
5583,Y00000001233,葡醛内酯片(三才) #,100mg*100,口服
5628,F00002218300,安舒妥静脉导管固定透明敷贴 6*7CM,,
5633,F00000180154,中心静脉套件（微导管鞘）,,
5635,Y00000019751,芙必叮分散片,5mg*12片,口服
5681,17283,胸水B超定位,,
5694,Y00000018757,康莱特软胶囊&,0.45g*72粒,口服
5707,17934,糖类抗原CA125,,
5765,21250,儿实T细胞亚群,,
5793,Y00000001662,再普乐片**#,5mg*28,口服
5804,Y00000000449,善宁注射液**#,1ml:0.1mg*5,微泵静注
5827,Y00000001708,优思弗胶囊**#,250mg*25,口服
5828,17420,MRCP(MRI),,
5835,Y00000000111,注射用顺铂&%,10mg,静脉滴注
5870,Y00000001723,迪赛肠溶片,15mg*12,口服
5893,Y00000001486,罗盖全胶丸*#,0.25ug*10粒,口服
5895,Y00000018898,姜半夏,5g.10g,煎服
5898,F00000180081,一次性简易雾化器,,
5925,F00002204501,健康咨询,,
5946,16185,肝功七项（海印）,,
6009,Y00000020140,盐酸昂丹司琼针(北大)&,4ml:8mg,静脉注射
6010,Y00000000034,可达龙注射液*#,150mg*6,静脉滴注
6030,17062,肝功五项,,
6033,F00000180185,BIPAP一次性呼吸机回路管道（带水杯）,,
6041,Y00000001646,扶他林缓释片*#,75mg*10,口服
6055,F00000181262,头皮留置针（Y）型330407,,
6066,Y00000018355,(巴泉)氨甲环酸氯化钠注射液,100ml:1g:0.7g,静脉滴注
6082,Y00000020063,欧爽胶囊#,0.1g*6粒,口服
6104,Y00000001548,赛乐特片*#,20mg*10,口服
6123,17603,下腹部螺旋CT增强扫描（造影剂另计）,,
6173,F00002204973,四肢血管彩色多普勒超声,,
6186,Y00000000138,力太注射液**,20%*100ml,静脉滴注(肠外)
6214,Y00000004921,硫酸长春地辛针&%,1mg,静脉滴注
6240,F00002206462,裂隙灯检查,,
6241,Y00000000679,优维显注射液*,370mg*100ml,其他
6256,Y00000019754,泮托拉唑钠肠溶片#,40mg*7片,口服
6290,16241,脑电图,,
6293,Y00000000163,门冬氨酸钾镁注射液&#,10ml*5,静脉滴注(肠外)
6302,Y00000001615,百士欣胶囊&,10mg*15,口服
6310,21986,septin9基因甲基化检测,,
6325,Y00000001008,别嘌醇片 &#,100mg*100,口服
6394,Y00000018776,艾诺吉针,0.1g:0.032g,静脉滴注
6418,Y00000018687,健朗星胶囊#,0.4g*24粒,口服
6425,F00002226076,一次性使用延长管/一通/KDL,,
6432,19768,血管炎两项,,
6434,F00002207427,心排血量测定,,
6450,Y00000018409,可定片**#,10mg*7片,口服
6453,Y00000007A28,黄芩颗粒一方,相当于饮片10g,冲服
6485,Y00000001936,罗红霉素片#,0.15g*6,口服
6495,F00002220366,负压引流机加收,,
6503,Y00000000711,健择针**&%,200mg,静脉滴注
6505,17092,肺肿瘤三项,,
6530,17847,静脉抽血,,
6568,Y00000019941,阿托品注射液,1ml:0.5mg*10,静脉注射
6575,18945,(3.0T)头颅MRI平扫+增强,,
6586,17089,营养四项,,
6620,Y00000019569,小牛脾提取物注射液(斯普林),2ml,静脉滴注
6622,Y00000007A91,石菖蒲颗粒一方,相当于饮片6G,冲服
6627,F00002204383,中流量给氧,,
6645,F00002218415,一次性使用无菌硅胶导尿管/维力,,
6657,Y00000008303,瓜蒌皮,5g.15g,自煎
6671,Y00000001120,克拉仙片*#,250mg*8,口服
6689,Y00000018520,多瑞吉透皮贴剂**&,4.2mg*1贴 (5贴/合),外用
6702,Y00000019171,0.9%氯化钠注射液&#@,1000ml:9g,静滴冲管
6745,Y00000019900,地高辛片 #,0.25mg*30,口服
6774,Y00000018694,奥先达针&%,50mg,静脉滴注
6776,Y00000007C03,瓜蒌皮颗粒一方,相当于饮片10G,冲服
6780,22166,24小时动态血压监测,,
6803,Y00000000763,日达仙针**&#,1.6mg,皮下注射
6817,F00000135931,进口去白细胞过滤器(血小板型),,
6884,Y00000001742,凯莱克林分散片,75mg*12,口服
6934,Y00000009513,骨通贴膏,7*10cm*16贴,外用
6941,Y00000018919,地佐辛注射液(加罗宁),1ml:5mg,肌肉注射
6945,Y00000019843,(丁齐尔)雷贝拉唑钠肠溶片,10mg*14片,口服
6962,F00002221457,密闭式防针刺伤型静脉留置针(飞玛),,
6995,F00002204283,住院诊查费,,
7032,Y00000018374,20%甘露醇注射液(袋装),20%  250ml:50g ,静脉滴注
7055,Y00000018345,易维适胶囊#,0.2g*12粒,口服
7070,Y00000001065,便塞停片,5mg*8,口服
7080,F00000181641,一次性带囊氧气面罩,,
7087,Y00000019538,安可欣针 #,1.5g,静脉滴注
7144,Y00000018612,注射用伏立康唑(迪尔达宁),0.2g,静脉滴注
7148,Y00000019155,拉司太特胶囊%,25mg*40,口服
7156,Y00000008503,青天葵,5g,煎服
7183,17414,心功能成像MRI,,
7226,Y00000001600,达喜片**#,500mg*20,口服
7241,22126,TH1/TH2细胞因子检测,,
7314,17344,B超引导下胸膜活检术,,
7318,Y00000006072,唯嘉能针#,0.5g,静脉滴注
7328,Y00000019238,茶碱缓释片#,0.1g*50片,口服
7346,Y00000019572,脾多肽注射液,2ml,静脉滴注
7380,Y00000019974,甘复能针**#,0.5g*5,静脉滴注
7388,F00002211978,吞咽功能障碍评定,,
7393,Y00000019786,胸腺法新针&#,1.6mg,皮下注射
7416,20006,抗中性粒细胞胞浆抗体（cANCA、pANCA）（金域）*,,
7442,Y00000019561,(益康宁)前列地尔注射液#,2ml:10ug,微泵静注
7469,F00002218592,红头干燥真空管,,
7470,Y00000019628,新康泰克缓释胶囊*@,90mg:4mg*8粒,口服
7479,F00000181360,RT212呼吸机回路,,
7491,17316,双侧颈动脉彩超（包括双侧颈总、颈内、颈外动脉）,,
7496,Y00000019767,亮克#,48.0mg*5贴,外用
7552,17764,纤支镜取痰、导管头、胸腹水细菌培养+药敏,,
7572,Y00000018400,必洛斯片*#,8mg*7片,口服
7585,Y00000019877,丁苯酞氯化钠注射液,100ml丁苯酞25mg与氯化钠0.9g,静脉滴注
7587,Y00000008371,芥子(黄芥子),5g.10g ,自煎
7589,Y00000018174,洁维乐凝胶**,20g*4,口服
7596,Y00000019944,润坦注射液 ,2ml:10mg*6        ,静脉滴注
7602,Y00000019888,邦亭针@,0.5KU*5,肌肉注射
7611,19284,临床操作的CT引导,,
7614,16105,血培养(需氧)及鉴定,,
7627,F00002206519,拔倒睫,,
7636,17956,万古霉素血清药物浓度测定,,
7637,Y00000018784,去乙酰毛花苷注射液#,2ml:0.4mg*5支,静脉注射
7651,Y00000000973,新朗欧针,1g,静脉滴注
7654,19526,血浆脂蛋白相关磷脂酶A2(LP-PLA2),,
7667,F00002204419,中心静脉测压,,
7693,Y00000019694,复方磺胺甲噁唑片,60片,口服
7705,17906,结核杆菌抗体检测,,
7723,Y00000007C53,紫苏子颗粒一方,相当于饮片10G,冲服
7829,Y00000003096,贯新克溶液,25ml,漱口
7835,Y00000018313,波利特肠溶片*,10mg*7片,口服
7885,Y00000008370,莱菔子(单味自费),10g.15g ,煎服
7891,Y00000007A40,法夏颗粒一方,相当于饮片9g,冲服
7964,F00002204454,冰袋降温,包括冰帽降温,
7972,F00002213955,一次性口腔器械盘（口腔）,,
8083,21170,高血压三项（卧位）,,
8134,Y00000000045,苯海拉明注射液,20mg*10,肌肉注射
8174,Y00000020198,兰索拉唑肠溶胶囊(四川)#,30mg*7,口服
8178,Y00000018197,特比澳注射液G,15000U:1ml,皮下注射
8225,Y00000000528,维生素C注射液 #,2ml:500mg*10,静脉滴注
8228,Y00000018158,乙酰半胱氨酸颗粒(消坦立),0.2g*10袋,口服
8231,F00002204468,灌肠(一般灌肠),,
8272,Y00000007D41,山萸肉颗粒一方,相当于饮片10g,冲服
8295,F00002208410,麻醉中监测7项以内,,
8316,Y00000001532,斯皮仁诺胶囊*,100mg*14,口服
8357,F00002225114,鼻胃肠管PUR型/佰通,,
8365,F00002225174,耐药三通(贝朗),,
8366,Y00000018191,恩经复针,18ug(≥9000AU),肌肉注射
8403,Y00000000453,香菇多糖注射液(力提能)&,1mg:2ml,静脉滴注
8411,Y00000007B10,苇茎颗粒一方,相当于饮片15G,冲服
8426,Y00000019554,注射用间苯三酚,40mg,静脉滴注
8445,Y00000020115,苄星青霉素针(华北),120万u,肌肉注射
8462,17098,梅毒血清二项检测,,
8463,Y00000019971,福美加片*,70mg:5600IU,口服
8470,F00002228655,预冲式冲管注射器5ml（导管冲洗器）/山东威高,,静脉注射
8480,F00000180151,中心静脉套件（导管固定装置）,,
8483,Y00000002028,石蜡油,10ml        ,外用
8524,Y00000005181,甘油500g,500g,灌肠
8549,F00002211957,电按摩,,
8575,22286,免疫球蛋白亚类IgG4定量测定,,
8599,17303,妇科彩超,,
8644,22086,同型半胱氨酸,,
8682,19124,（呼吸科）过敏原皮肤点刺试验,,
8699,Y00000001318,乐息平片**#,4mg*7,口服
8742,Y00000019541,欣络平片,5mg*28片,口服
8746,Y00000001292,开思亭片**,10mg*10,口服
8750,Y00000019870,复方氯化钠注射液(袋装)(石家庄)&#,500ml,静脉滴注
8794,Y00000001957,地恒赛片,5mg*6,口服
8803,Y00000008632,厚朴,10g.15g ,煎服
8805,F00002207455,骨髓活检术,,
8815,17088,肾功六项,,
8816,Y00000019875,奥拉西坦针(欧来宁),1.0g*4,静脉滴注
8828,Y00000007E22,细辛颗粒一方,相当于饮片3G,自煎
8864,17045,自身抗体定量六项,,
8901,Y00000000240,10%康莱特注射液&,10%*100ml,静脉滴注
8909,Y00000008358,菟丝子,10g.15g ,煎服
8920,18238,EB病毒核酸定量检测(EBV-DNA),,
8933,F00002203099,无菌旋塞延长管（艾贝尔）,,微泵静注
8944,F00002204282,门急诊留观诊查费,,
8953,F00002204384,高流量给氧,,
8984,Y00000018818,新活素针,0.5mg,微泵静注
9004,17862,血糖（空腹）,,
9038,Y00000001333,美卡素片**#,80mg*7,口服
9054,F00002205001,右心声学造影,,
9074,Y00000000190,人血免疫球蛋白(蓉生静丙)*,2.5g:50ml,静脉滴注
9081,17444,头部CT平扫（只有横断图像）,,
9148,Y00000007B40,地榆颗粒一方,相当于饮片10g,冲服
9182,17372,颈椎MRI平扫,,
9251,Y00000001331,美多芭片*#,250mg*40,鼻饲
9332,F00002218338,一次性胰岛素注射器（328420）1ML 29G U-40,,皮下注射
9354,Y00000018859,银杏酮酯滴丸@#(中药房)(银滴速通),25mg*120丸,口服
9365,Y00000019624,番泻叶*,5g.10g/包,冲服
9386,16176,嗜酸性粒细胞计数+病房血细胞分析（五分类）,,
9419,17120,尿沉渣涂片找细菌三项,,
9437,F00002206302,肌电图,,
9490,Y00000007G33,紫河车颗粒一方(自费）,相当于饮片3g,冲服
9549,F00002225194,无针输液接头(贝朗),,
9556,Y00000007C31,火麻仁颗粒一方(单味自费),相当于饮片10G,冲服
9590,Y00000019868,丙氨酰谷氨酰胺针(安吉驰),50ml:10g,静脉滴注(肠外)
9618,16508,乳腺数字化摄影(双侧),,
9647,Y00000001357,美普清片 #,25ug*20,口服
9664,F00002218648,精密泵用输液管路（输液器）/费森尤斯VS10,,静脉滴注
9702,Y00000018763,达己苏胶浆,10ml*12支,口服
9714,F00002205530,钠测定(火焰分光光度法或离子选择电极法),,
9760,F00002220342,肺功能康复训练,,
9792,F00002233722,创面促愈处理300（10cm以下/伤口需要清创/包含糖尿病足）,,
9801,Y00000002189,雷诺考特鼻喷雾剂**#,64ug*120喷,喷鼻
9803,F00000181392,输液器（百特输液泵管）,,静脉滴注(肠外)
9811,Y00000007C05,大腹皮颗粒一方,相当于饮片10G,冲服
9827,Y00000019984,18AA-II针(辰欣)#,250ml:21.25g,静脉滴注
9835,Y00000019650,头孢泊肟酯片(海凌依)#,100mg*12片,口服
9842,F00002220391,经颅磁刺激的脑功能循环治疗,,
9846,Y00000019660,万适宁片&,0.4g*8片,口服
9849,Y00000000248,来得时注射液(预填充)**#,3ml:300iu,皮下注射
9890,Y00000000555,稳可信针**,500mg,静脉滴注
9901,17969,胸水常规检查,,
9918,Y00000007A43,郁金颗粒一方,相当于饮片10G,冲服
9931,Y00000000127,杜冷丁注射液 &［—］,2ml:100mg  ,肌肉注射
9941,17069,血脂五项,,
9966,Y00000019827,甲氨蝶呤片#&%,2.5mg*16,口服
9974,Y00000018630,希罗达片&%,0.5g*12片,口服
10065,Y00000020228,灭菌注射用水@#,10ml,皮下注射
10114,Y00000019521,舒降之片*#,20mg*14片,口服
10126,Y00000007F31,杜仲颗粒一方,相当于饮片10G,冲服
10171,Y00000001628,维生素B2片,5mg*100,口服
10179,17079,心梗鉴别七项,,
10195,17953,粪便隐血试验（OB）,,
10197,F00002216758,一次性使用无菌硅胶导尿管/维力,,
10262,Y00000020132,诺通鼻喷雾剂,5mg:10ml,外用
10271,Y00000019965,诺健针#,30mg,静脉滴注
10291,Y00000001530,艾司唑仑片#,1mg*150,口服
10297,16541,1小时血清胰岛素测定,,
10305,Y00000018700,欧来宁胶囊#,0.4g*24粒,口服
10339,Y00000008474,枳实,10g.15g   ,自煎
10380,F00002220499,静脉药物集中配置（全静脉营养液集中配置）,,静脉滴注
10437,Y00000007E03,青天葵颗粒一方,相当于饮片10G,冲服
10450,17952,粪便常规,,
10460,Y00000019584,恒扬片,0.1g*10片,口服
10471,Y00000020110,吡嗪酰胺片(康青),0.25*100,口服
10489,Y00000018936,特罗凯片&,150mg*7片,口服
10512,22206,用血量小于6U输血组套,,
10551,F00002231255,一次性无菌注射器10ml/康德莱,,氧气雾化
10552,Y00000003023,开塞露,10ml,外用
10581,F00002204429,大换药,,
10611,18063,海印T细胞亚群（流式）,,
10642,Y00000007A62,干姜颗粒一方(单味自费),相当于饮片3G,冲服
10647,Y00000008513,淫羊藿（羊藿叶）,10g.15g  ,煎服
10673,F00002206464,裂隙灯下眼底检查(前置镜),,
10674,Y00000019787,敏使朗片*,6mg*100,口服
10680,Y00000020220,可威胶囊,75mg*10,口服
10687,Y00000020136,拜唐苹片*#,100mg*30片,口服
10711,F00002211874,低频脉冲电治疗,,
10755,Y00000000161,枸橼酸芬太尼注射液 &,0.1mg:2ml,静脉注射
10798,Y00000000061,氯化钙注射液10ml #,10ml:0.5g*5,静脉注射
10896,17076,心酶四项,,
10908,Y00000019581,复方利多卡因乳膏,10g,外用
10933,Y00000018213,酚磺乙胺注射液(0.5g),2ml:0.5g*10支,静脉滴注
11020,Y00000000536,维生素K1注射液 #,1ml:10mg*10支,静脉注射
11047,Y00000000462,沙培林针&%,1KE,氧气雾化
11056,16180,经腹壁前列腺彩超,,
11090,Y00000007A65,射干颗粒一方,相当于饮片10G,冲服
11093,Y00000000249,乳酸钠林格注射液(袋装)&,500ml,静脉滴注
11101,Y00000007A52,苍术颗粒一方,相当于饮片10G,自煎
11121,Y00000004071,依信含漱液,200ml:0.2g,漱口
11135,F00002211953,气压治疗,,
11141,17601,下腹部（盆腔）螺旋CT平扫+增强（造影剂另计）,,
11173,F00002203140,骨穿刺活检针/进口,,
11253,Y00000019549,盐酸小檗碱片,0.1g*24片,口服
11288,Y00000001044,拜新同控释片*#,30mg*7,口服
11297,16407,腹部立卧位,,
11325,Y00000007A59,莪术颗粒一方,相当于饮片10g,冲服
11340,18607,多索茶碱血清药物浓度测定,,
11353,Y00000000910,参附注射液 #,10ml       (5),静脉滴注
11466,Y00000001057,阿尔马尔片**#,10mg*10,口服
11498,Y00000007A24,地黄颗粒一方,相当于饮片10G,冲服
11521,17413,颈部MRA,,
11529,Y00000008181,甘草(单味自费),5g.,自煎
11589,Y00000020161,头孢美唑钠针(海思科),1.0g,静脉滴注
11643,F00002222505,精密延长管/威高/国产,,微泵静注
11681,Y00000000683,葡萄糖氯化钠注射液&#@,100ml,静脉滴注
11770,Y00000007A34,前胡颗粒一方,相当于饮片10G,冲服
11885,Y00000008636,桑白皮,10g.15g  ,煎服
11909,16472,股骨正侧位,,
11952,F00002213283,常规心电图检查(十八导联加收),,
11971,Y00000019766,悉复欢注射液* #,100ml:0.2g,静脉滴注
12042,16387,胸部正位,,
12047,F00002207316,强迫振荡肺功能检查,,
12066,Y00000000241,卡文针注射液(1440ml)**,1440ml,静脉滴注
12125,22146,血小板聚集试验（ADP、AA诱聚剂）,,
12143,Y00000001300,复方α-酮酸片*#,0.63g*100片,口服
12218,Y00000004877,舒血宁注射液#@,2ml*10支,静脉滴注
12226,17920,血清果糖胺(GSP),,
12279,F00002206412,黑氏(Hess)屏检查,,
12290,F00002205016,彩色打印照片,,
12301,Y00000020215,丙泊酚中/长链脂肪乳针(迪施乐),20ml:0.2g,静脉注射
12322,Y00000001241,标准桃金娘油胶囊**#,300mg*10粒,口服
12407,17959,阿米卡星血清药物浓度测定,,
12415,16327,尿氯,,
12465,Y00000007A38,大黄颗粒一方,相当于饮片6g,冲服
12479,Y00000007H32,茯苓颗粒一方(单味自费),相当于饮片10g,自煎
12611,Y00000018113,北沙参,10g.15g ,自煎
12618,F00002207533,24小时动态胃酸监测,,
12692,17911,梅毒TRUST半定量试验,,
12724,F00000181594,可调输液泵管（洁瑞牌）,,
12780,Y00000001649,美能片*#,100片,口服
12898,F00002211987,肺功能康复评定,,
12917,17752,骨髓检查图文报告,,
12925,Y00000020085,(乐盼)氟哌噻吨美利曲辛片#,0.5mg/10mg*28粒,口服
12953,19104,CYP2C19基因检测,,
12987,F00002231796,一次性呼吸管路RT380/费雪派克（呼吸机回路）,,
13001,Y00000020005,替考拉宁针(胜可菲),0.2g,静脉滴注
13129,Y00000020112,枸橼酸钾颗粒(丹崖)&,2g:1.46g*10包,口服
13138,16171,胃液潜血试验,,
13149,Y00000018842,弗隆片&%,2.5mg*30片,口服
13185,16670,其他标本细菌培养及鉴定(需氧+真菌),,
13198,Y00000009171,贞芪扶正胶囊(中药房)&,12.5g*60粒,口服
13234,Y00000020058,安适片#,50mg*20,口服
13250,F00002204444,鼻饲管置管,,
13327,F00002220559,一次性避光输液器（带针头）/威高,,静脉滴注
13342,Y00000018840,优泌乐25(笔芯)#,3ml:300单位,皮下注射
13384,Y00000009884,咳喘定口服液(中药房),10ml*6支,口服
13432,Y00000019879,硫辛酸针(丹沅),0.15g*4,静脉滴注
13476,Y00000019677,枸橼酸钾颗粒&,2g:1.46g*24包,口服
13514,F00002206470,眼底照相,,
13524,Y00000001174,代文胶囊（7/合）*#,80mg*7,口服
13539,Y00000018537,斯沃注射液**,300ml:0.6g,静脉滴注
13546,Y00000000661,10%葡萄糖注射液&#@,10%*500ml,静脉滴注
13550,Y00000018790,参芪十一味颗粒,2g*12袋,口服
13563,18674,胸部气管支气管肿瘤螺旋CT增强+三维重建(造影剂另计),,
13588,Y00000018691,可益能注射液**#,5ml:2g,静脉注射
13618,Y00000001520,碳酸氢钠片#,0.5g*100,口服
13627,17914,隐球菌抗原检测,,
13642,Y00000018894,红芪,5g*2小包,自煎
13643,Y00000019912,达力新片 #,0.125g*12,口服
13644,Y00000001959,喜普妙片*#,20mg*14,口服
13651,Y00000001795,百令胶囊#@,0.2g*60,口服
13683,F00002204502,疾病健康教育,,
13712,Y00000018299,醒脑静注射液,10ml (6支/合),静脉滴注
14009,Y00000001189,乙胺丁醇片,0.25g*100,口服
14042,Y00000002064,葡萄糖粉,75g,口服
14072,F00002226715,一次性使用骨髓穿刺针/12号/14号/16号/舒贝康,,
14100,Y00000001083,加合百服宁片*,复方*10片,口服
14129,16436,腰椎正侧双斜位,,
14234,Y00000019080,肠内营养乳剂(TPF-T)(瑞能)**,200ml,鼻饲
14277,17307,乳腺彩超,,
14290,Y00000000191,佳乐施注射液**,500ml,静脉滴注
14308,F00002209978,体外人工膜肺(ECOM),,
14328,F00002221402,胰岛素泵持续皮下注射胰岛素(首日),,
14369,Y00000018152,旨维注射液#,10ml,静脉滴注
14386,Y00000002272,爱赛平鼻喷剂**,10ml,喷鼻
14463,Y00000001669,达菲胶囊*,75mg*10,口服
14560,Y00000020030,达肝素钠针(达赛畅)**#,0.2ml:5000iu,皮下注射
14575,Y00000000458,诺新康注射液,2ml:10mg,静脉滴注
14585,17522,颈部螺旋CT增强扫描+三维重建（造影剂另计）,,
14599,Y00000019898,思连康片,0.5g*30片,口服
14625,17328,双侧下肢动脉彩超(股-腘段),,
14657,Y00000018175,希舒美针**#,0.5g,静脉滴注
14662,Y00000020167,达肝素钠针(万脉宁)#,0.2ml:5000iu,外用
14698,F00002207314,残气容积测定(氮气稀释法),,
14725,Y00000020012,18AA-VⅡ针(富邦)#,200ml:20.650g,静脉滴注
14749,Y00000001894,金双岐片,0.5g*24,口服
14757,18564,尿红细胞位相＋尿干化学与沉渣分析,,
14794,Y00000008113,淮山(单味自费),10g.15g,煎服
14841,Y00000007C28,豆蔻颗粒一方,相当于饮片6G,冲服
14906,F00002228476,植入式给药装置专用针(留置针）04448340/贝朗,,
14914,Y00000003140,美克乳膏*,10g:0.1g,外用
15000,F00002204338,层流洁净病房,,
15007,Y00000001950,银黄含化片 ,0.65g*24片,含服
15034,F00000180545,3M透明敷帖6X7cm（1623W、1624W）,,
15041,Y00000019589,百优解分散片,20mg*28片,口服
15042,Y00000019991,橘红痰咳液,10ml*12支,口服
15086,Y00000020076,维生素K1针(天津) #,1ml:10mg*10支,静脉滴注
15219,17248,SPECT/CT肺通气/灌注联合显像加图像融合,,
15259,17312,其它部位彩超,,
15404,Y00000018329,维生素B1片#,10mg*100片,口服
15503,Y00000008323,冬瓜子,5g.15g ,煎服
15525,Y00000004860,曲坦肠溶片*,10mg*20片,口服
15574,16147,血清酸化溶血试验（Ham）,,
15635,F00002218689,面罩连头带/BIPAP,,
15684,Y00000000979,绿支安注射液,10.3%*200ml,静脉滴注(肠外)
15688,Y00000008009,瑞甘针#,2.5g,静脉滴注
15696,Y00000020098,金双岐片,0.5g*36,口服
15751,F00002204956,浅表器官彩色多普勒超声检查(甲状腺及颈部淋巴结),,
15752,Y00000001536,施维舒胶囊**#,50mg*20,口服
15757,17085,离子六项,,
15759,F00002204477,导尿,,
15828,Y00000000324,诺仕帕注射液*,2ml:40mg*5,静脉滴注
15865,Y00000001431,路盖克片,24片,口服
15883,Y00000020003,(圣美弗)氟哌噻吨/美利曲辛片#,0.5mg/10mg*20粒,口服
15887,F00002217599,一次性使用细胞刷LMXB,,
15895,19946,高灵敏HBV DNA检测（金域）*,,
15900,Y00000019919,澳达先片,500mg/10mg*20片,口服
15987,Y00000000170,速碧林注射液#,0.3ml*2支,皮下注射
16063,Y00000008733,紫河车(自费),10g.15g  ,自煎
16087,17133,门诊血型分析(ABO+Rh),,
16093,Y00000008302,陈皮(单味自费),5g,自煎
16097,Y00000002265,鼻渊通窍颗粒(西药房),15g*10袋,口服
16189,Y00000008672,鸡血藤,10g.15g ,自煎
16211,18065,海印NK细胞（流式）,,
16225,17116,尿培养鉴定+药敏(阳性菌),,
16233,Y00000007E24,蜜麻黄颗粒一方,相当于饮片5G,冲服
16284,Y00000007E15,人参叶颗粒一方,相当于饮片6G,冲服
16311,Y00000018245,鱼肝油软膏,20g,外用
16327,17910,梅毒TRUST试验,,
16423,F00002207419,肺动脉压和右心房压力监测,,
16450,F00002205254,简易定位,,
16453,F00002210277,粘膜下肿物切除术---息肉,,
16564,Y00000002154,辅舒酮气雾剂*#,125ug*60喷,喷雾给药
16565,Y00000020026,甲钴胺分散片#,0.5mg*36片,口服
16602,Y00000001482,万适宁片&,0.4g*6,口服
16620,17923,尿蛋白定量,,
16665,Y00000019945,罗格列酮钠片(太罗)#,4mg*15片,口服
16721,16118,真菌药敏试验,,
16747,Y00000001479,波依定缓释片*#,5mg*10,口服
16786,16517,1小时血清C肽测定,,
16839,16515,（晚上12：00）血清皮质醇测定,,
16841,Y00000019885,欣吉尔针(125Ala)&,20万单位*5,静脉滴注
16869,F00000181486,白细胞输血器,,
16894,16159,HBV－DNA测定（定量）,,
16928,17936,癌胚抗原(CEA),,
16931,Y00000020133,替考拉宁针(海正),0.2g,静脉滴注
16951,18404,鼻咽螺旋CT增强扫描+三维重建,,
17030,17771,皮内注射,,
17062,17907,肥达氏反应,,
17083,F00002205391,"尿液分析(仪器法,8-11)",,
17102,Y00000019884,注射用洛铂%,10mg(以无水物计),静脉滴注
17103,Y00000008702,芒硝,5g,冲服
17224,22046,易栓症四项,,
17235,Y00000019241,血脂康胶囊#,0.3g*24粒,口服
17265,16191,尿常规（海印）,,
17281,Y00000001542,思连康片,0.5g*24片,口服
17287,F00002220370,血糖试纸/稳步/广州器化,,
17293,F00002229835,骨活检针DBBN-13-10.0-M2,,
17294,17090,肿瘤二项,,
17328,F00002207688,尿动力学检测,,
17330,Y00000001775,辅酶Q10胶囊,10mg*60,口服
17350,F00002232836,A级双人房（严格隔离加收）,,
17368,Y00000018844,华法林钠片#,2.5mg*60,口服
17396,Y00000018596,兰索拉唑胶囊#,30mg*7粒,口服
17413,Y00000019773,伏乐新片#,0.25g*12,口服
17459,Y00000001160,希刻劳缓释片,0.375g*6片,口服
17494,Y00000007F72,鸡血藤颗粒一方,相当于饮片15克,冲服
17503,Y00000019083,能全力混悬液,1.5Kcal/ml 500ml,鼻饲
17515,18527,七项呼吸道常见病毒荧光染色筛查(直接法),,
17569,Y00000008182,炙甘草,5g,煎服
17717,Y00000007D48,补骨脂颗粒一方,相当于饮片10g,冲服
17762,F00002218304,避光压力延长管WG（威高）,,
17800,F00000180169,胃肠管（胃肠营养管）,,
17821,Y00000008013,代丁片#,10mg*14片,口服
17874,16329,尿钙,,
17888,F00002208408,特殊方法气管插管术--气管镜置管,,
17913,Y00000019104,肠内营养混悬液(TPF-D)(伊力佳)**,500ml,口服
17953,17144,大便培养鉴定+药敏,,
18006,17272,三维心脏超声+心功能,,
18021,Y00000002257,盐酸氨溴索口服液@#,100ml:0.3g,口服
18032,Y00000020052,环磷酰胺片(茂祥)%,50mg*120,口服
18069,Y00000019947,卡尔特针(左卡尼汀)**#,5ml:1g,静脉滴注
18141,Y00000000148,科赛斯针**G,70mg,静脉滴注
18171,Y00000001675,升血小板胶囊,0.45*24粒,口服
18219,F00002222909,W2512丝线编织非吸收性缝线（2-0）,,
18225,Y00000018648,金贝特令胶囊型,36粒,涂口腔
18249,Y00000000143,果糖二磷酸钠注射液 ,100ml:10g,静脉滴注
18256,Y00000002169,美林混悬液*#,100ml,口服
18292,Y00000008128,黄芩,10g.15g ,煎服(代煎)
18296,F00002218307,针管回缩式静脉留置针24G×19mm（威高）,,
18313,Y00000008553,仙鹤草,10g.15g ,自煎
18416,Y00000007A82,炙甘草颗粒一方,相当于饮片3G,冲服
18587,F00002218316,一次性使用导尿包（超滑14号）,,
18653,F00002228718,植入式给药装置专用针（留置针）/04447005/贝朗,,
18757,F00002232235,一次性真空采血管（血沉管）/1.6ml阳普黑色（柠檬酸钠4:1）,,
18804,Y00000018718,血塞通软胶囊@#,100mg*30粒,口服
18856,F00002212185,普通电针(每增加一对加收),,
18884,Y00000018390,舒莱针&,20mg,静脉滴注
18945,Y00000019979,异烟肼片(太极),0.1g*100,口服
18948,17123,无菌体液培养鉴定二项+药敏三项（各种体液）,,
18954,F00000180158,鼻胃肠管（费森尤斯）,,
19035,16136,糖类抗原CA19-9,,
19049,Y00000001724,羟基脲片&%,500mg*100,口服
19050,Y00000007A17,白术颗粒一方,相当于饮片10G,冲服
19102,Y00000001133,可达龙片*#,0.2g*10,口服
19125,16708,巨细胞病毒IgM(CMVIgM),,
19160,F00002207339,睡眠呼吸监测过筛试验,,
19231,F00002207571,经肠镜特殊治疗,,
19245,17877,血氨,,
19249,17325,单侧上肢静脉彩超(包括单侧锁骨下腋肱桡尺静脉),,
19320,Y00000000014,硫酸阿米卡星注射液,2ml:0.2g*10支,氧气雾化
19417,Y00000001319,洛汀新片*#,10mg*14片,口服
19451,F00002219434,泰尔茂输液器（带针）/TS-D340C/TS-D390L,,
19499,17383,盆腔平扫MRI,,
19512,Y00000019946,肾上腺素注射液 #,1mg:1ml*2,局部用药
19638,Y00000018349,立加利仙胶囊#,50mg*10粒,口服
19646,Y00000007C24,柏子仁颗粒一方,相当于饮片10G,冲服
19667,16202,普通病理诊断,,
19681,Y00000001093,卡托普利片#,25mg*100,口服
19819,Y00000001427,慷彼申片**,20片,口服
19832,F00002204158,中医定向透药疗法,,
19833,21286,心脑血管三项,,
19850,16498,床边照片(腹部),,
19868,Y00000019573,乐瑞卡胶囊,150mg*8粒,口服
19877,Y00000018711,苯扎氯铵溶液(优可适),150ml:0.15g(0.1%),外用
19947,17072,糖尿病四项,,
19995,Y00000008727,醋鳖甲（单味自费）,10g.15g  ,自煎
20020,Y00000007A03,丹参颗粒一方,相当于饮片10G,冲服
20088,Y00000018832,吡罗昔康贴片#,48.0mg*3贴,外用
20127,Y00000000455,甲强龙针**#&,500mg,静脉滴注
20169,17570,胸部螺旋CT增强扫描（造影剂另计）,,
20237,Y00000007C22,瓜蒌子颗粒一方,相当于饮片10G,冲服
20258,Y00000001834,恩必普软胶囊,0.1g*24粒,口服
20264,Y00000018778,多蒙特注射液,50ml:10g,静脉滴注
20302,F00002214812,精密输液器(贝朗),,
20334,Y00000018683,高锰酸钾外用片,0.1g*24片,外用
20346,Y00000000495,西普乐注射液*#,0.2g:100ml,静脉滴注
20359,F00000181423,鼻胃肠管（鼻肠管聚氨脂(佰通)）,,
20393,Y00000003061,化痔栓 (西药房),10粒,外用
20444,F00002233359,针管回缩式聚氨酯静脉留置针/24G*19mm威高,,静脉注射
20495,19077,(3.0T)心脏MRI增强,,
20558,Y00000019668,华法林钠片#,2.5mg*80片,口服
20596,17284,腹水B超定位,,
20707,Y00000001173,德巴金缓释片*#,0.5g*30,口服
20743,18228,柯萨奇病毒A16型核酸检测(CA16-RNA),,
20835,Y00000001451,盐酸普萘洛尔片 # ,10mg*100,口服
20837,Y00000000717,格利福斯注射液*&,10ml*10,静脉滴注
20972,Y00000018305,V佳林针 #,1瓶,静脉滴注
21033,Y00000001282,硝酸异山梨酯片#,5mg*100,口服
21096,Y00000007A04,玄参颗粒一方,相当于饮片10g,冲服
21109,Y00000000277,即复宁注射液**,25mg:5ml,其他
21235,F00002204937,胆囊和胆道收缩功能检查,,
21245,19506,床边单导联心电图（急诊）,,
21279,Y00000019970,可乐必妥滴眼液** ,5ml:24.4mg,滴眼
21281,Y00000018277,左克注射液@,0.1g:2ml,静脉滴注
21383,Y00000001180,得舒特片,50mg*15,口服
21413,F00002211833,红外线治疗,,
21441,F00002218309,头皮留置针/带肝素帽（威高）Y型22G,,
21505,F00002206164,痰脱落细胞学涂片检查及诊断,,
21552,F00002233715,皮肤防护处理115（压疮预防a）,,
21660,F00002232835,A级单人房（严格隔离加收）,,
21824,Y00000019061,天恩福针,50万IU,治疗
21871,Y00000018642,硫酸亚铁片,0.3g*100片,口服
21890,F00002204471,清洁灌肠,,
21971,Y00000001853,源首胶囊,0.25*12粒,口服
21993,Y00000018395,噻托溴铵粉吸入剂(天晴速乐)#,18ug*10粒,吸入
22035,17653,胸部气管支气管螺旋CT三维重建,,
22055,Y00000007A29,麦冬颗粒一方,相当于饮片10G,冲服
22226,17950,尿本-周氏蛋白定性,,
22277,18429,副流感病毒培养与抗原鉴定,,
22295,Y00000007D04,麦芽颗粒一方(单味自费),相当于饮片15G,冲服
22314,17260,X线能量骨密度测定,,
22341,Y00000000145,盐酸麻黄碱注射液 ,1ml:30mg,外用
22354,Y00000000299,马斯平针*,1g,静脉滴注
22366,F00002206057,Rh血型鉴定,,
22369,Y00000000759,米力农注射液 #,5ml:5mg*2,微泵静注
22411,Y00000020089,701跌打镇痛膏,10cm*7cm*12贴,外用
22414,Y00000007E02,番泻叶颗粒一方,相当于饮片2G,冲服
22495,Y00000018808,诺和锐30笔芯#,100iu/ml*3ml,皮下注射
22521,16192,尿十项（海印）,,
22544,Y00000001361,每素玉片#,50mg*20,口服
22649,Y00000001218,芬必得胶囊*#,300mg*20,口服
22726,F00002207312,残气容积测定(体描法),,
22801,Y00000019889,大扶康胶囊50*,50mg*7粒,口服
22818,Y00000001342,甲氧氯普胺片&,5mg*100,口服
22859,17949,网织红细胞计数（Ret）,,
22957,Y00000019153,密固达注射液,100ml:5mg,静脉滴注
22964,17715,抗甲状腺自身抗体,,
23027,Y00000018397,竹沥胶囊,0.3g*24粒,口服
23049,Y00000019094,百普力混悬液,500ml,鼻饲
23055,Y00000018538,巴曲亭针,1单位*5支,肌肉注射
23105,Y00000020091,十一酸睾酮软胶囊(乐仕)*&,40mg*24粒,口服
23113,F00002213185,活化凝血时间测定(ACT)(床旁快速检测),,
23151,Y00000019559,诺和平注射液(特充),3ml:300单位(特充),皮下注射
23162,Y00000007Z08,生姜颗粒一方(单味自费),相当于饮片3G,冲服
23235,Y00000002116,密盖息鼻喷剂*&,2200iu/1ml*2ml,喷鼻
23243,F00000181661,一次性使用精细过滤输液器,,静脉滴注
23365,17926,血清胱抑素C,,
23383,Y00000018413,雷公藤多苷片#,10mg*100片,口服
23511,16432,腰椎正侧位,,
23588,20186,登革病毒（通用型）核酸检测,,
23637,Y00000007A15,当归颗粒一方(单味自费),相当于饮片10G,冲服
23667,Y00000018964,韬特片#,0.1g*10片,口服
23776,Y00000008117,白术,10g.15g ,煎服
23909,F00000180048,BIPAP面罩,,
23987,Y00000001043,阿法迪三胶囊*#,0.25ug*20,口服
24017,Y00000004879,加立信针,0.2g,静脉滴注
24043,Y00000018641,切诺肠溶软胶囊,0.3g*12粒,口服
24223,Y00000018218,氟马西尼注射液,5ml:0.5mg,静脉注射
24487,Y00000018825,枫蓼肠胃康胶囊,0.37g*24粒,口服
24503,21427,群体反应抗体检测,,
24605,Y00000018280,舒降之片*#,40mg*5,口服
24676,Y00000000195,复方氨基酸注射液(15AA),250ml:20g,静脉滴注
24764,Y00000019705,噻托溴铵吸入粉雾剂#,18ug*6粒,吸入
24777,F00002217978,口含式雾化器/百瑞,,
24782,Y00000002002,复方甘草口服溶液#,100ml,口服
24796,17322,双侧上肢动脉彩超(包括双侧锁骨下腋肱桡尺动脉),,
24827,F00002202547,654-2山莨菪碱针,1ml:10mg,
24843,Y00000007A02,北沙参颗粒一方,相当于饮片10G,冲服
24888,Y00000007D07,山楂颗粒一方(单味自费),相当于饮片10g,自煎
25048,Y00000008368,女贞子,10g.15g ,煎服
25067,Y00000019531,阿司匹林肠溶片#,25mg*100片,口服
25081,19068,(3.0T)盆腔MRI增强,,
25087,17117,大便培养(沙门菌、志贺菌）,,
25101,Y00000020149,阿奇霉素片(京新)#,250mg*6,口服
25206,F00002230698,鼻罩(德国德尔格),,
25219,Y00000008608,款冬花,10g.15g ,煎服
25221,Y00000019221,奥施康定缓释片,10mg*1片,口服
25246,Y00000001794,复方氯唑沙宗片,复方*24片,口服
25248,Y00000018681,芙必叮分散片,5mg*8片,口服
25382,Y00000020073,舒血宁针(杏雪)#@,2ml*10支,静脉滴注
25442,Y00000009273,金克槐耳颗粒&,20g*6包,口服
25521,Y00000020031,注射用灯盏花素(培斯汀)#,50mg,静脉滴注
25523,Y00000018383,施慧达片#,2.5mg*14片,口服
25761,Y00000020125,维生素B6注射液(天心) #,50mg:1ml*10支,静脉滴注
25834,F00002219858,一次性使用防逆引流袋,1500ML,
25918,22186,西罗莫司血药浓度测定,,
26176,F00002223591,医用生物胶体分散剂20ML/汇涵术泰/自选耗材备案,,
26240,20408,抗心磷脂抗体三项,,
26434,Y00000008719,酒乌梢蛇(单味自费),10g.15g ,自煎
26455,Y00000007E13,淫羊藿颗粒一方,相当于饮片10G,冲服
26507,17636,CT导引下穿刺活检术,,
26520,F00000181372,微量延长管(贝朗),,微泵静注
26582,F00002212013,吞咽功能障碍训练,,
26655,Y00000008141,桔梗,5g.10g,自煎
26680,17115,尿培养鉴定+药敏(阴性菌),,
26780,Y00000001245,瑞易宁片*#,5mg*14片,口服
26894,Y00000008728,鸡内金,10g.15g ,煎服
26927,Y00000019847,碘克沙醇注射液(100ml),100ml:32g(I),其他
26944,Y00000000033,法玛新针**&%,10mg,静脉滴注
26979,F00002212531,痰诱导试验,,
27027,F00002206522,冲洗结膜囊,,
27075,F00000180061,一次性呼吸机回路管道,,
27190,Y00000007A51,赤芍颗粒一方,相当于饮片10g,冲服
27198,Y00000000540,维他利匹特注射液*#,10ml*10,静脉滴注(肠外)
27357,17915,冷凝集试验,,
27365,16543,3小时血清胰岛素测定,,
27479,F00002211845,紫外线治疗,,
27483,Y00000007Z39,白果仁颗粒一方(单味自费),相当于饮片10G,冲服
27503,F00002217958,3M透明敷帖10X12cm（1626W）,,
27534,Y00000009048,苁蓉通便口服液,10ml*6支,口服
27592,19907,促红细胞生成素（金域）*,,
27598,F00002211914,超声波治疗(超声药物透入),,
27614,Y00000007E51,鱼腥草颗粒一方(单味自费),相当于饮片15G,冲服
27628,Y00000018565,环磷酰胺针(安道生)**#&%,0.2g,静脉滴注
27800,Y00000007E73,蒲公英颗粒一方(单味自费),相当于饮片10G,冲服
27926,Y00000001954,沙利度胺片&,25mg*20,口服
27957,Y00000018927,头孢美唑钠针(捷名),0.5g,静脉滴注
27981,Y00000018922,水飞蓟宾葡甲胺片(西利宾安)#,50mg*48片,口服
28009,F00000180258,留置针(贝朗),,
28156,Y00000007A92,土茯苓颗粒一方,相当于饮片15G,冲服
28175,Y00000018824,天晴甘平肠溶胶囊#,50mg*24粒,口服
28452,Y00000000411,罗氏芬针*,1g,静脉滴注
28463,Y00000018404,思瑞康片**#,25mg*20片,口服
28482,F00002223593,医用生物胶体分散剂100ML/汇涵术泰/自选耗材备案,,
28490,Y00000000162,人纤维蛋白原针*,0.5g,静脉滴注
28693,Y00000019839,泰毕全*,0.11g*10,口服
28712,F00002207342,胸腔穿刺术,,
28732,17321,髂动脉彩超,,
28789,Y00000019659,冠心丹参滴丸#,0.04g*180粒,含服
28790,Y00000008122,酒黄精,10g.15g ,煎服
28931,Y00000018578,金博瑞片,30mg*12片,口服
28992,Y00000004108,唯地息滴眼液**,10g,滴眼
29009,F00002204469,灌肠(保留灌肠),,
29058,F00002205235,99锝(云克)治疗,,
29509,Y00000019555,复方氢溴酸右美沙芬糖浆,100ml,口服
29520,F00002221631,三通管（三通接头）/洁瑞/威高,,
29581,F00002205579,血清碳酸氢盐(HCO3)测定(酶促动力学法),,
29589,F00002204997,经胸心脏彩色多普勒超声,,
29623,Y00000018410,森福罗片**#,0.25mg*30片,口服
29658,F00002211896,微波治疗,,
29773,Y00000008121,浙贝母,10g.15g ,煎服
29778,Y00000018156,芙露饮口服溶液,10ml:0.4g*6支,口服
29878,Y00000018849,尼目克司片,50mg*10片,口服
29934,F00002212203,穴位贴敷治疗,,
30015,Y00000018235,力扑素针%,30mg,静脉滴注
30049,Y00000007E10,龙利叶颗粒一方,相当于饮片10G,冲服
30077,17574,上腹部（肝胆脾胰）螺旋CT平扫,,
30079,17863,血糖（半小时）,,
30086,Y00000008081,欧兰宁片#,10mg*7片,口服
30090,Y00000001746,维生素C片#,0.1g*100片,口服
30167,Y00000018327,舒芬太尼注射液&(厂家:宜昌人福),1ml:50ug,微泵静注
30176,16428,胸椎正侧位,,
30420,Y00000000930,疏血通注射液,2ml           (10),静脉滴注
30481,Y00000008351,(枸)杞子(单味自费),10g.15g ,煎服
30508,F00002221579,5ML预充式导管冲洗器/进口,,
30522,Y00000018365,通达注射液&,1ml:1mg,静脉滴注
30566,Y00000000962,法安明注射液**#,0.2ml:5000iu,皮下注射
30770,Y00000004113,迪可罗眼膏,3.5g:10.5mg　,涂眼
30838,Y00000001680,补达秀缓释片&#,0.5g*24片,口服
30879,Y00000020148,马来酸桂哌齐特针(格顺),2ml:80mg,静脉滴注
30970,17982,嗜酸细胞阳离子蛋白测定,,
30982,Y00000005000,七味清咽气雾剂,11.2g(190揿)含药液7ml,喷喉
31081,F00002207397,遥测心电监护,,
31125,Y00000008551,干鱼腥草(单味自费),10g.15g ,自煎
31388,F00002229657,珍珠白5ml真空采血管（BD）,,
31474,Y00000008665,钩藤,5g.15g,煎服(代煎)
31521,Y00000001148,达美康片*#,80mg*60,口服
31696,Y00000020178,(弘明瑞)噻托溴铵粉吸入剂#,18ug*10粒,吸入
31869,Y00000001900,生血宁片,0.25g*24,口服
32038,Y00000018877,科素亚片*#,100mg*7,口服
32046,20326,TBNK检测,,
32104,18724,头颅CT平扫（核医学科）,,
32227,Y00000020142,肽力佳注射液 #,20%*250ml,静脉滴注
32235,Y00000019929,雅施达片* #,8mg*15,口服
32584,Y00000000534,威视派克注射液(100ml),100ml:32g(I),其他
32757,Y00000008079,通心络胶囊#,0.26g*30粒,口服
32771,17108,乙肝两对半,,
32882,F00002207537,纤维胃十二指肠镜检查(电子镜),,
32995,Y00000019973,苯磺顺阿曲库铵针,20mg,静脉注射
33004,16544,2小时血清胰岛素测定,,
33049,Y00000004072,派立明滴眼液**,50mg/5ml,滴眼
33053,F00002220386,直肠指检,,
33107,F00002204320,A级三人以上房间,,
33123,Y00000007E32,广藿香颗粒一方(单味自费),相当于饮片10G,冲服
33159,Y00000008105,太子参,10g.15g ,自煎
33172,Y00000000993,苄星青霉素针,120万u,肌肉注射
33184,Y00000019778,康艾注射液,20ml*3,静脉滴注
33215,Y00000008634,丹皮,10g.15g ,煎服(代煎)
33224,Y00000001258,易瑞沙片**&,0.25g*10,口服
33230,Y00000000401,雷尼替丁注射液(杭州) #,50mg:2ml*10支,静脉注射
33263,19991,巨细胞病毒IgM抗体定量（金域）*,,
33311,Y00000018525,转化糖电解质注射液(田力),500ml,静脉滴注
33312,Y00000008103,丹参,10g.15g ,煎服
33329,Y00000001345,玫满霉素胶囊*,50mg*20,口服
33332,Y00000007F06,红花颗粒一方(单味自费),相当于饮片5G,冲服
33353,Y00000008116,白芍,10g.15g ,煎服
33518,Y00000007A05,太子参颗粒一方,相当于饮片15g,冲服
33525,17966,尿乳糜定性检查,,
33577,Y00000019239,50%葡萄糖注射液&#@,10g:20ml,口服
33656,Y00000019794,盐酸氨溴索针(必澳)#,30mg,静脉注射
33673,17720,男性肿瘤四项,,
33716,Y00000019813,健胃消食口服液,10ml*12支,口服
33787,F00002211882,中频脉冲电治疗,,
33829,16164,异常白细胞形态检查,,
34002,F00002215234,皮损内局部封闭治疗,,
34012,Y00000018810,曲莱片#,0.15g*50片,鼻饲
34036,Y00000019715,硫酸氨基葡萄糖胶囊(谷力),314mg/250mg*24粒,口服
34084,Y00000001419,诺和龙片**#,1mg*30,口服
34093,Y00000019566,金水宝胶囊#,0.33g*63粒,口服
34108,18568,鳞状细胞癌相关抗原测定（SCC）,,
34113,16419,颈椎正侧双斜位,,
34151,F00002218178,一次性静脉营养袋2000ML/上海曹扬,,静脉滴注(肠外)
34200,Y00000019154,复方丹参滴丸#,27mg*180粒,口服
34303,Y00000018557,硫辛酸注射液,20ml:0.6g,静脉滴注
34350,17407,弥散成像MRI,,
34456,F00002211919,电子生物反馈疗法,,
34609,Y00000007G51,滑石颗粒一方,相当于饮片10G,冲服
34662,16518,2小时血清C肽测定,,
34896,Y00000007E07,桑叶颗粒一方(单味自费),相当于饮片10G,冲服
35061,F00002205005,左心功能测定,,
35298,Y00000007F13,辛夷颗粒一方,相当于饮片6G,冲服
35300,Y00000019849,左卡尼汀注射液(东维力) #,5ml:1g,静脉滴注
35306,F00002230497,医用雾化器10ML/广东鹤山,,皮内注射
35367,17921,血清β-羟基丁酸(HBA),,
35442,17106,甲功三项,,
35468,Y00000001089,倍欣片 #,0.2mg*30,口服
35680,Y00000020189,希刻劳缓释片,0.375g*4片,口服
35746,Y00000001354,瑞美隆片*,30mg*10,口服
35795,Y00000001201,福善美片*,70mg*1,口服
35889,Y00000000327,神经妥乐平注射液**,3ml*10,静脉注射
36114,Y00000000523,维生素B12注射液 ,1mg:1ml*10,肌肉注射
36118,Y00000000785,凯时注射液 #,10ug:2ml,静脉注射
36211,20247,二氢嘧啶脱氢酶DPD活性检测,,
36218,Y00000001558,顺尔宁咀嚼片*,5mg*5,口服
36267,20692,IgE德国小蠊（i6）,,
36365,18046,血甲状旁腺素(PTH)测定,,
36457,17050,血浆EGFR基因检测,,
36559,F00002204417,中心静脉穿刺置管术,,
36612,Y00000020011,维生素B6片(海王)#,10mg*100,口服
36818,16330,尿尿酸,,
36837,Y00000003106,曲咪新乳膏,10g,外用
36849,17695,下腔静脉彩超,,
36905,F00000180983,外周中心静脉导管(巴德）（安全型）,,
36931,F00002204499,建立健康档案,,
37023,Y00000019234,益比奥注射液&#(预充式),10000iu:1ml(预充式),静脉滴注
37144,Y00000008150,花粉,10g.15g ,煎服(代煎)
37162,Y00000019523,清热消炎宁胶囊,0.32g*24粒,口服
37254,Y00000019742,兰美抒乳膏**,10g,外用
37369,Y00000000261,洛赛克针**#,40mg,静脉注射
37389,F00002208364,表面麻醉,,
37408,Y00000018621,石蜡油,500ml,口服
37430,16221,TB－DNA（血）测定（定性）,,
37438,Y00000001287,可塞风片**,8mg*10,口服
37729,Y00000018693,奥先达针&%,10mg,静脉滴注
37744,18434,副流感病毒抗原鉴定（直接法）,,
37825,F00002213155,冰帽降温,,
37837,18070,海印CD55、CD59检测（流式）,,
37936,Y00000019223,凯美纳片&,125mg*21片,口服
38022,F00002206168,胸水脱落细胞学涂片检查及诊断,,
38075,16217,体液脱落细胞学检查,,
38136,Y00000000008,肾上腺素注射液 #,1mg:1ml*10,静脉注射
38176,18147,血清骨质疏松三项,,
38484,Y00000004830,力比泰冻干粉**,0.5g,静脉滴注
38495,F00000181422,鼻胃肠管（佰通PVC鼻肠管）,,
38505,Y00000008448,补骨脂,10g.15g ,自煎
38552,Y00000020169,氧氟沙星眼水(永光),5ml:15mg,滴耳
38647,Y00000007A50,天花粉颗粒一方,相当于饮片10G,自煎
38656,Y00000003139,百多邦软膏*,5g:0.1g,外用
38746,F00002207721,妇科常规检查,,
38759,Y00000008127,明党,10g  ,煎服
38769,Y00000008613,辛夷花,10g.15g ,煎服
38778,Y00000001360,敏使朗片*,6mg*30,口服
38789,Y00000007C59,葶苈子颗粒一方,相当于饮片10G,冲服
38857,Y00000007A39,木香颗粒一方,相当于饮片6G,冲服
38907,F00002203147,佰通鼻胃肠管（Ⅳ）LINK-020-4（14cm）,,
39027,Y00000001405,诺士帕片*,40mg*20,口服
39121,Y00000007D02,大枣颗粒一方(单味自费),相当于饮片10G,冲服
39197,Y00000007A35,延胡索颗粒一方,相当于饮片10克,冲服
39208,Y00000019793,兰索拉唑胶囊#,30mg*14粒,口服
39223,17579,双肾+肾上腺螺旋CT增强扫描（造影剂另计）,,
39405,20887,促肾上腺皮质激素测定,,
39579,Y00000000270,弥可保注射液#,500ug*10支,静脉注射
39647,Y00000019607,抒纳注射液,1ml:0.1mg,静脉滴注
40039,Y00000000510,惠尔血注射液*&,0.3ml:75ug,皮下注射
40068,Y00000007D54,浮小麦颗粒一方,相当于饮片15G,冲服
40096,Y00000007A42,远志颗粒一方,相当于饮片6G,冲服
40121,F00002206442,泪道冲洗,,
40188,17373,胸椎MRI平扫,,
40320,Y00000007C76,苍耳子颗粒一方,相当于饮片9G,冲服
40329,F00002219214,一次性呼吸机回路管道RT225/小儿/进口,,
40457,Y00000004029,典必殊滴眼液**,5ml,滴眼
40527,18217,HIV Ag/Ab(化学发光法),,
40620,F00002218367,一次性使用输氧面罩/（高浓度）（富利凯）,,
40813,F00000180153,中心静脉套件（超声系统针架）,,
40977,Y00000004864,敬宇洗剂,50ml,外用
41064,Y00000019846,硫酸镁注射液(林州) #,10ml:2.5g*5,静脉滴注
41095,18624,经食管超声心动图,,
41384,Y00000019805,欧兰同注射液,5ml:1.0g*6,静脉滴注
41414,Y00000000322,尼膜同注射液*,50ml:10mg,微泵静注
41451,Y00000001090,博苏片 #,5mg*10,口服
41501,16400,肋骨正斜位,,
41651,Y00000007F08,款冬花颗粒一方,相当于饮片10g,冲服
41857,Y00000008134,前胡,10g.15g ,煎服
42099,F00002232236,一次性真空采血管（血沉管）/2ml阳普黑色（柠檬酸钠4:1）,,
42170,Y00000007D21,麸炒枳壳颗粒一方,相当于饮片6G,自煎
42178,21126,人类白细胞抗原B27测定（HLA-B27）,,
42185,F00000180280,溃疡贴15X15,,
42325,Y00000008330,酸枣仁(单味自费),10g.15g ,煎服
42387,16142,NAP染色,,
42403,16443,肩关节正位(单侧),,
42436,F00002213555,单腔中心静脉导管,,
42566,Y00000008136,炒牛膝,10g.15g ,自煎
42645,Y00000008669,桂枝,5g.10g,自煎
42831,Y00000019671,注射用泮托拉唑钠,80mg,静脉注射
42841,17046,类风湿因子分型,,
42861,18944,(3.0T)头颅平扫MRI ,,
43050,F00002207343,经皮穿刺肺活检术,,
43058,Y00000008602,山银花(单味自费),10g.15g  ,煎服
43079,F00002205540,氯测定(离子选择电极法),,
43342,17327,单侧下肢动脉彩超(全程),,
43360,Y00000009026,银杏叶滴丸(中药房)#,63mg*60丸,口服
43384,F00002218488,一次性5CC注射器（牙科）（康德莱）,,
43608,Y00000018619,佩乐能注射剂**#,80ug,皮下注射
43703,Y00000019953,灵芝孢子粉胶囊@,0.2g*20粒,口服
43749,Y00000004872,新欧瑞针,200mg,静脉滴注
43811,Y00000007G19,乌梢蛇颗粒一方(单味自费),相当于饮片10G,冲服
43814,F00002218132,PICCO压力线（测压套件）,,
43864,Y00000000164,复达欣针**#,1g,静脉滴注
43915,Y00000000498,泰能针,1g(0.5+0.5),静脉滴注
43975,19788,胃蛋白酶原Ⅰ＋Ⅱ定量检测,,
43990,F00002207997,日常生活能力评定量表(使用电脑自测的量表加收50%),,
44126,Y00000007D01,薏苡仁颗粒一方(单味自费),相当于饮片15G,冲服
44360,F00002208044,五分量表,,
44386,Y00000019928,利福平胶囊 ,0.15g*100,口服
44400,F00002217887,一次性使用导尿包（超滑16号）,,
44719,17922,尿微量白蛋白定量,,
44741,19888,抗肾小球基底膜抗体,,
44814,16945,磁共振血管成象（增强血管成像）MRA,,
45007,17765,各种标本真菌培养+药敏,,
45140,Y00000008235,柴胡,5g.10g ,煎服
45290,Y00000001108,可待因片 #,30mg,口服
45349,16555,MRI平扫+增强,,
45372,F00002206288,脑干听觉诱发电位,,
45387,21707,EGFR/ALK/ROS1基因突变检测,,
45537,Y00000019759,唐林片,50mg*18,口服
45619,Y00000019808,前列通瘀胶囊,0.4g*60,口服
45758,F00002218434,植入式给药装置专用针,,
45779,Y00000000542,润坦注射液 ,2ml:10mg        ,静脉滴注
45893,19955,白细胞介素Ⅵ（金域）*,,
45962,19827,CYP2C9和VKORC1基因检测,,
46190,19106,ALDH2（G1U504Lys）基因检测,,
46338,Y00000004035,托百士滴眼液** ,5ml,滴眼
46424,Y00000007A53,知母颗粒一方,相当于饮片10G,冲服
46488,Y00000000126,盐酸多巴酚丁胺针 # ,2ml:20mg*10,微泵静注
46494,18464,颅内多普勒血流图（TCD）,,
46516,Y00000000286,亚甲蓝注射液@,1%*2ml:20mg*5支,治疗
46616,Y00000019585,美沙拉秦栓,1g*7枚,入肛
46692,F00002232481,身体成分分析,,
46772,Y00000008524,炙麻黄,5g.10g  ,煎服
47380,19989,巨细胞病毒IgG抗体定性（金域）*,,
47404,16325,尿钠,,
47462,Y00000018388,比拜克胶嚢,0.36g*28粒,口服
47493,17083,铁三项,,
47552,Y00000018253,氢溴酸右美沙芬片,15mg*12片,口服
47730,Y00000008329,砂仁(单味自费),5g ,煎服
47842,18783,EGFR基因21种突变检测,,
48118,18426,乙型流感病毒培养与抗原鉴定,,
48119,Y00000004833,新适确得乳膏**,10g,外用
48210,Y00000018636,消炎利胆片,80片,口服
48359,Y00000008754,石膏,10g.15g,自煎
48382,F00002233701,皮肤防护处理80（造口/造瘘口周围皮肤、失禁性皮炎）,,
48535,Y00000002233,奥克斯都保**#,4.5ug*60喷,喷雾给药
48678,Y00000001046,雅施达片* #,4mg*30,口服
48682,Y00000019571,左西孟旦注射液(悦文),5ml:12.5mg,微泵静注
48756,F00002204918,浅表组织器官B超检查(双眼及附属器),,
48787,Y00000001206,西比灵胶囊*,5mg*20,口服
49024,Y00000018705,瑞安吉注射液,50ml:5g,静脉滴注
49141,17909,梅毒螺旋体特异抗体测定（TPPA）,,
49150,21207,心脏功能五项检测试版,,
49211,16519,3小时血清C肽测定,,
49345,F00002212006,等速肌力训练,,
49387,21626,肺癌组织样本基因突变检测（11个基因）,,
49488,Y00000008135,延胡,10g.15g ,煎服(代煎)
49677,Y00000019519,盐酸雷尼替丁胶囊#,150mg*30粒,口服
49710,F00002217667,造口护肤粉25g,,
49762,Y00000007A44,紫菀颗粒一方,相当于饮片10g,自煎
49833,F00002218613,一次性无菌吸痰管10F*60CM/艾贝尔,,
49894,Y00000019768,普拉洛芬滴眼液**,0.1%,滴眼
49906,Y00000019170,注射用替加环素(泰阁),50mg,静脉滴注
49974,Y00000000974,左卡尼汀注射液 #,5ml:1g,静脉滴注
50127,Y00000018366,橘红化痰胶囊(西药房),0.45g*12粒,口服
50172,F00002214932,人工鼻41312,,
50197,Y00000020009,雷公藤多苷片(汇天)#,10mg*50片,口服
50199,Y00000019906,百奥肠溶胶囊,30万u*30粒,口服
50346,Y00000020237,复方甘草口服溶液(西南)#,100ml,口服
50368,Y00000001087,帮备片*#,10mg*10,口服
50441,F00002204722,磁共振血管成象(平扫)(MRA)(颅脑),,
50488,F00002211915,超声波治疗(超声药物透入)(超声波治疗联合治疗),,
50604,F00002204945,彩色超声检查(腹部(含肝、胆、胰、脾)),,
50882,Y00000019242,玉屏风颗粒,5g*15袋,口服
50917,Y00000001535,息宁缓释片*#,0.2*30,口服
50979,17111,无菌体液培养鉴定三项+药敏三项(各种体液）,,
51151,F00002204447,胃肠减压,,
51444,16411,颈椎正侧位,,
51456,20698,IgE链格孢（m6）,,
51504,F00002204342,门急诊观察床位费,,
51726,19988,巨细胞病毒IgM抗体定性（金域）*,,
51820,18230,肺炎支原体核酸检测(MP-DNA),,
52026,Y00000001404,新赛斯平软胶囊#,25mg*50,口服
52059,Y00000018125,荆芥颗粒一方,相当于饮片10G,冲服
52127,Y00000007D03,白扁豆颗粒一方,相当于饮片15G,冲服
52190,Y00000000828,他格适针**,200mg,静脉注射
52205,19726,人感染H7N9流感病毒核酸检测,,
52567,19446,痰脱落细胞学涂片检查及诊断,,
52569,F00002213480,中药封包治疗(大),,
52581,F00002211911,超声波治疗,,
52675,F00002233720,创面促愈处理200（10cm以上20cm以下/伤口不需要清创）,,
52714,F00002226075,一次性使用胰岛素注射笔用针头32G/BD,,皮下注射
52859,17324,双侧上肢静脉彩超(全程包括双侧锁骨下腋肱桡尺静脉),,
52877,F00002206489,光学相干断层成相(OCT),,
52920,F00002223049,一次性使用输尿管导管,F3/F4/F5,静脉滴注
53019,17067,肝功六项,,
53027,Y00000018845,尤尼泰针#,30mg(以总氮计),静脉滴注
53063,Y00000019948,鹿瓜多肽针,24mg,静脉滴注
53348,22066,电脑血糖监测/稳豪（门诊专用）,,
53543,17645,胸部主动脉螺旋CT增强扫描+三维重建（造影剂另计）,,
53736,F00002212184,电针,,
54091,Y00000003010,炉甘石洗剂,100ml,外用
54099,Y00000004910,盐酸胺碘酮片#,0.2g*24片,口服
54398,Y00000008143,郁金,10g.15g ,煎服
54654,Y00000001401,尼膜同片*#,30mg*20,口服
54682,19078,(3.0T)心脏MRI平扫,,
54768,F00002206448,角膜曲率测量,,
54819,Y00000019656,糠酸莫米松乳膏　,5g:5mg,外用
54998,F00002204947,彩色超声检查(泌尿系(含双肾、输尿管、膀胱、前列腺)),,
55097,F00002218308,头皮留置针/直型肝素 威高/直型22G,,
55411,22006,免疫固定电泳,,
55510,Y00000018278,恩度注射液&,15mg:3ml,微泵静注
55671,Y00000001195,优甲乐片**#,50ug*100,口服
55936,F00002204985,颅内多普勒血流图(TCD),,
55954,F00002204972,腹部大血管彩色多普勒超声,,
56139,Y00000007G52,牡蛎颗粒一方(单味自费),相当于饮片20G,冲服
56170,Y00000018594,复方氟米松软膏(奥深),15g,外用
56363,Y00000000992,思美泰针**#,500mg*5,静脉滴注
56444,Y00000001183,盐酸阿米替林片#,25mg*100,口服
56567,F00002228236,微电脑化疗注药泵（化疗泵）,,微泵静注
56582,Y00000001257,高特灵片*#,2mg*28,口服
56655,F00002207432,临时起搏器应用,,
56751,16526,食道、胃、小肠造影(钡剂),,
56791,Y00000019562,康艾注射液,20ml,静脉滴注
56877,Y00000002276,信必可都保#,(80ug:4.5ug)*60吸,吸入
56955,F00002220533,胰岛素泵持续皮下注射胰岛素(继日),,
57005,Y00000019902,尤得盼针**,4iu(1.33mg),皮下注射
57084,Y00000019869,两性霉素B针(新亚),25mg,氧气雾化
57115,Y00000018440,适迪片,10mg*12片,口服
57269,Y00000018580,盐酸坦洛新缓释片(积大本特),0.2mg*6片,口服
57329,F00002221498,一次性使用延长管(普通型),,
57362,Y00000007A37,泽泻颗粒一方,相当于饮片10g,冲服
57430,Y00000018550,逍遥丸,1丸*200丸,口服
57593,F00002221659,胸管（带针）8FR/10FR/12FR/16FR/20FR/24FR/28FR/32FR/台湾/国产,680756304,
58080,18211,网织红细胞计数+病房血细胞分析（五分类）,,
58205,Y00000007G17,蝉蜕颗粒一方,相当于饮片6G,冲服
58597,Y00000007A11,天麻颗粒一方(单味自费),相当于饮片10G,冲服
58705,Y00000007A47,防风颗粒一方,相当于饮片10g,冲服
58965,Y00000008191,石菖蒲,5g,自煎
59220,Y00000018966,蜜炼川贝枇杷膏,345g,口服
59528,Y00000018415,森福罗片**#,1mg*30片,口服
59743,F00002207454,骨髓穿刺术,,
59784,17908,外斐氏反应,,
59816,Y00000000289,盐酸吗啡注射液 &#,10mg:1ml,静脉注射
59916,F00002204668,磁共振平扫(1.5T以上)(颈椎),,
59934,Y00000018930,丙酸睾酮注射液&,1ml:25mg*10支,肌肉注射
60070,Y00000019809,金复康口服液&,30ml*9支,口服
60100,Y00000008638,黄柏,5g.15g,煎服
60292,Y00000018202,注射用七叶皂苷钠,10mg,静脉滴注
60333,Y00000000511,地西泮注射液 #,10mg*10,静脉注射
60400,F00000135912,三腔深静脉穿刺管（箭牌）,,
60494,16299,血清淀粉酶测定,,
60531,Y00000000056,西其汀注射液 *,20mg:250ml,静脉滴注
60562,19959,促甲状腺素受体自身抗体（金域）*,,
60894,Y00000008502,番泻叶,5g.10g/包,冲服
60921,Y00000007D45,路路通颗粒一方,相当于饮片10G,冲服
60992,17376,胸部MRI平扫,,
61051,F00002204314,床位费(隔离病区加收）,,
61082,21971,易栓症三项,,
61174,Y00000008639,救必应,10g.15g ,煎服
61183,Y00000008111,天麻(单味自费）,10g.15g ,煎服
61459,Y00000018558,奥拉西坦注射液(倍清星),5ml:1.0g,静脉滴注
61514,17572,胸部食道螺旋CT平扫+增强（造影剂另计）,,
61768,17332,双侧下肢静脉彩超(股-腘段),,
61843,Y00000018627,力尔凡针&%,5mg,静脉滴注
62114,Y00000020195,山莨菪碱针(民生),1ml:10mg*10,肌肉注射
62205,F00002218332,DDB微电脑化疗注药泵,,
62324,Y00000020162,依帕司他片(紫竹万安),50mg*12,口服
62325,22068,电脑血糖监测/拜安捷（门诊专用）,,
62983,Y00000001929,大活络胶囊(西药房),0.25*36粒,口服
62996,Y00000008511,布渣叶,10g.15g ,煎服
63000,Y00000018319,信达怡片 #,5mg*28片,口服
63198,Y00000019792,纳催离缓释片*#,1.5mg*30片,口服
63358,Y00000007E06,枇杷叶颗粒一方,相当于饮片10G,冲服
63381,Y00000000036,注射用阿莫西林钠克拉维酸钾,1.2g,静脉滴注
63383,17446,头部螺旋CT平扫+三维重建,,
63405,22106,T淋巴亚群检测,,
63450,Y00000007C29,砂仁颗粒一方(单味自费),相当于饮片3G,冲服
63548,F00002211993,运动疗法(器械训练),,
63603,20630,甲型肝炎抗体测定（Anti-HAVIgM）,,
63604,Y00000001609,得理多片*#,200mg*30,口服
63628,F00002212307,煎药机煎药,,
63709,Y00000000804,复方氯化钠注射液(袋装)&#,500ml,静脉滴注
63864,Y00000002107,万托林溶液**#,20ml,氧气雾化
64121,Y00000001395,圣通平缓释片#,10mg*56,口服
64219,Y00000018876,舒血宁注射液#@,5ml,静脉滴注
64416,F00002207353,经纤支镜肺泡灌洗诊疗术,,
64510,F00002218321,避光注射器（威高）（50ml 1.6#）,,微泵静注
64683,20691,IgE猫毛（e1）,,
64763,Y00000008255,五爪龙（五指毛桃）,10g.15g ,煎服
65041,Y00000004125,复方右旋糖酐70滴眼液**,15ml,滴眼
65129,Y00000019772,悉君宁片#,4mg*14片,口服
65245,17073,糖尿病八项,,
65281,Y00000007B14,白茅根颗粒一方,相当于饮片15G,冲服
65417,Y00000008522,细辛,3g.6g ,自煎
65721,16464,掌骨正位(双侧),,
65785,Y00000019876,苏肽生针,30ug,肌肉注射
65795,Y00000008412,燀苦杏仁,5g.10g,自煎
65819,F00002205493,血清葡萄糖测定(酶电极法),,
65891,F00002205012,室壁运动分析,,
65923,21466,七项呼吸道病毒检测,,
65962,Y00000007B48,淡附片颗粒一方,相当于饮片6G,冲服
65989,17576,上腹部螺旋CT增强扫描（肝胆脾胰、造影剂另计）,,
67350,F00000180108,精密输液器（输液泵管）（费森尤斯）,,静脉滴注
67616,Y00000000729,阿托品注射液,1ml:0.5mg*10,静脉注射
68137,F00002204832,X线计算机体层(CT)增强扫描(颅脑),,
68536,18463,颅内、外多普勒血流图（TCD）,,
68702,Y00000007F65,钩藤颗粒一方,相当于饮片10G,冲服
68725,Y00000019545,香砂养胃片,0.6g*48片,口服
68762,Y00000000114,卡纳琳注射液,50mg:1ml,其他
68799,Y00000019937,海捷亚片*#,100mg/12.5mg*7,口服
69056,F00002207361,胸腔镜检查,,
69178,Y00000019812,美百乐镇片*#,20mg*7,口服
69279,F00002228719,植入式给药装置专用针（留置针）/04447006/贝朗,,
69389,F00000180115,引流管,,
69881,17408,脑部弥散成像（脑功能MRI成像）,,
70005,Y00000008221,威灵仙,10g.15g ,煎服
70143,Y00000004091,盐酸金霉素眼膏,2.5g,涂鼻
70229,Y00000000503,万汶注射液*,30g:500ml,静脉滴注
70260,Y00000020207,板蓝根颗粒,10g*30袋*1包,口服
70299,F00002207638,腹膜透析换液,,其他
70310,F00002211954,气压治疗(肢体气压治疗),,
70350,Y00000008137,泽泻,10g.15g ,煎服
70384,Y00000020043,奥立妥注射液,100ml:0.5g,静脉滴注
70450,Y00000008170,胆南星,5g.10g,自煎
70522,Y00000001923,金刚烷胺片#,0.1g*100,口服
70574,Y00000020028,马来酸桂哌齐特针(引思达),2ml:80mg,静脉滴注
70809,Y00000001632,醋酸甲萘氢醌片,4mg*100,口服
70863,Y00000019952,万托林溶液**#,2.5ml:5mg,氧气雾化
71054,Y00000019071,阿胶(单味自费),250g,自煎
71123,Y00000007C30,酸枣仁颗粒一方(单味自费),相当于饮片10G,冲服
71225,Y00000019515,注射用呋塞米,20mg*12瓶,静脉注射
71294,16144,尿含铁血黄素定性试验,,
71318,Y00000001733,金龙胶囊&,0.25g*30,口服
71341,Y00000001873,马来酸氯苯那敏片,4mg*100,口服
71387,16520,空腹血清胰岛素测定,,
71413,F00002204335,D级四人以上房间,,
71844,F00002222911,泡沫敷料（有粘胶）/3420（12×12cm)/拜尔坦泡沫贴（自选耗材物价备案）,,
71869,Y00000008575,半枝莲,10g.15g  ,煎服
71886,Y00000018160,蛋白琥珀酸铁口服溶液**,15ml:40mg(以铁计算)*10瓶,口服
71935,Y00000007H49,三七颗粒一方（单味自费）,相当于饮片2g,冲服
71982,Y00000020097,坎地沙坦酯片(欣欣)#,4mg*14片,口服
72210,Y00000008536,有瓜石斛(单味自费),10g.15g ,自煎
72277,16554,血液流变学七项,,
72436,17791,鼻饲管置管,,
72639,F00002206440,泪膜破裂时间测定,,
72891,Y00000018574,复方氨基酸胶囊(圣能),30粒,口服
73012,20928,VⅢ因子抑制物定量测定,,
73239,F00002211989,运动疗法,,
73340,Y00000019605,复方血栓通胶囊 #,36粒 (每粒装0.5g),口服
73368,16889,糖类抗原CA72-4,,
73544,17605,盆腔螺旋CT平扫+增强（造影剂另计）,,
73645,Y00000007D16,乌梅颗粒一方(单味自费),相当于饮片10g,冲服
73727,Y00000019681,心可舒胶囊#,0.3g*72粒,口服
73793,F00002204420,动脉穿刺置管术,,
73963,Y00000001283,易蒙停胶囊*,2mg*6,口服
74013,F00002205455,血浆D-二聚体测定(D-Dimer)(各种免疫学方法),,
74409,F00002212186,普通电针,,
74765,F00002211844,偏振光照射,,
74805,17876,肌钙蛋白I,,
74822,Y00000009217,小柴胡颗粒,10g*10袋,冲服
74868,F00002204886,X线计算机体层(CT)成象(颈部),,
74904,16546,肝炎酶标八项,,
75022,F00002204044,全身显像正电子发射计算机断层－X线计算机体层综合显像(PET/CT),,
75075,F00002206159,体液脱落细胞学涂片检查及诊断,,
75184,F00002233705,皮肤防护处理120（造瘘口周围皮肤并发症(肉芽过长)）,,
75584,18504,肺炎衣原体IgM抗体检测,,
75649,Y00000019576,多糖铁复合物胶囊(红源达)#,0.15g*10粒,口服
76094,17937,抗HCV定性(检验科),,
76401,Y00000018393,阿拓莫兰针#,1.8g,静脉滴注
76675,Y00000019915,清咽滴丸,20mg*60丸*2,含服
76701,18431,乙型流感病毒抗原鉴定（直接法）,,
76702,16514,（下午4：00）血清皮质醇测定,,
76714,Y00000018554,伏立康唑片,50mg*4片,口服
76797,Y00000004865,典舒眼膏,3g,涂眼
77369,Y00000018146,友来特颗粒剂**,97.1g/100g,口服
77383,Y00000008131,白芷(单味自费),10g.15g,煎服
77832,Y00000019777,安素美胶囊,90.65mg*16粒,口服
77933,16106,厌氧菌培养及鉴定,,
78063,F00000180981,箭牌双腔静脉穿刺针CS15122-F,,
78359,16513,（早上8：00）血清皮质醇测定,,
78373,16421,颈椎正侧双斜张口位,,
78441,22026,肺癌血浆游离DNA基因突变检测（11个基因）,,
78729,F00000181056,B-D静脉留置针,,
78916,Y00000007E08,紫苏叶颗粒一方(单味自费),相当于饮片10G,冲服
78971,17716,妇科肿瘤六项,,
79084,18227,EV71,,
79161,Y00000019893,复合维生素B片(恒健)#,复方*100片,口服
79690,17112,无菌体液培养鉴定三项+药敏四项(各种体液),,
79945,17308,阴囊、睾丸、附睾彩超,,
79970,Y00000008149,粉葛(单味自费),10g.15g,煎服
80234,Y00000001413,谷维素片,10mg*100,口服
80678,Y00000001566,卡马西平片 #,100mg*100,口服
80764,18662,副鼻窦冠状位扫描,,
80894,Y00000001650,复方皂矾丸&,0.2g*72,口服
80940,Y00000008421,枳壳,10g.15g ,煎服
81154,Y00000000614,邦亭针@,1KU,肌肉注射
81212,Y00000004926,奈邦分散片#,7.5mg*12片,口服
81270,Y00000004015,氯霉素滴眼液,8ml:20mg,滴眼
81512,Y00000018797,盐酸头孢他美酯胶囊(华仙美),90.65mg*20粒,口服
81730,Y00000007H31,建曲颗粒一方,相当于饮片10G,自煎
81753,Y00000018800,贝可片,2mg*14片,口服
82037,F00000180129,双腔吸氧管（1.8米）,,
82177,Y00000019746,马应龙麝香痔疮膏,4g*6支,外用
82467,F00002217597,一次性微剂量输液器（威高）（洁瑞）,,
82673,Y00000020061,欧乃派克注射液,50ml:15g(I),手术
82899,F00002213635,一次性营养袋（二升）,,
83132,Y00000007G15,僵蚕颗粒一方,相当于饮片10G,冲服
83156,Y00000020152,板蓝根颗粒,10g*30袋*1包,口服
83469,F00000135932,进口去白细胞过滤器(红细胞型),,
83684,Y00000001654,西力欣片*#,0.25g*12片,口服
83800,Y00000007E11,布渣叶颗粒一方,相当于饮片10G,冲服
83845,F00002233717,创面促愈处理50（门诊小手术伤口）,,
84116,F00002222625,颇尔静脉输液过滤器,,
84197,17710,腹泻大便四项检查,,
84230,Y00000001019,君尔清分散片 #［—］,(7:1)*12,口服
84279,F00002204434,门诊拆线(小换药),,
84910,F00002207326,呼吸肌功能测定,,
85436,F00002204975,双肾及肾血管彩色多普勒超声,,
85613,Y00000001254,喜得镇片*@#,1mg*50,口服
85683,F00002204946,彩色超声检查(妇科(含子宫、附件)),,
85694,Y00000000424,碳酸氢钠注射液&#,5%*10ml*5,漱口
85793,F00002208154,胰岛素低血糖和休克治疗,,
85929,F00002222848,一次性使用导尿包/硅胶6FR-22FR,,
85941,Y00000001610,万艾可片*,100mg (1片/合),口服
86195,Y00000002259,克感利咽口服液(西药房),10ml*6支,口服
86247,Y00000008441,盐山茱萸,10g.15g ,煎服
86307,Y00000007A31,白芷颗粒一方(单味自费),相当于饮片6g,冲服
86398,F00002233716,皮肤防护处理170（压疮预防b）,,
86563,Y00000019890,艾素注射液&%,1.5ml:60mg,静脉滴注
86742,Y00000008470,谷精,10g ,自煎
86804,F00002218259,一次性使用医用雾化器（气切型）（斯莱达）,,
86828,18503,肺炎衣原体IgG抗体检测,,
87101,Y00000018325,洛赛克肠溶片**#,20mg*7片,口服
87396,F00002202561,ABO红细胞定型,,
87708,F00002218298,经皮穿刺胸腔引流导管PX-200/801/20,,
87815,Y00000008331,火麻仁(单味自费),10g.15g ,自煎
87846,F00002211883,中频脉冲电治疗(中频脉冲电治疗),,
87928,Y00000019586,安康信片**,60mg*5片,口服
88051,Y00000019657,脉血康胶囊#,0.25g*36粒,口服
88183,Y00000019799,蒲地蓝消炎胶囊,0.4g*36粒,口服
88204,Y00000007E84,山慈菇颗粒一方,相当于饮片6G,自煎
88346,17929,血清铁,,
88465,F00002218238,一次性使用活检针MN1616（巴德）,,
88663,16480,胫腓骨正侧位(双侧),,
88675,Y00000009103,保济丸,3.7g*20支,口服
88683,Y00000004837,灯盏花素针(龙津)#,10mg,静脉滴注
88985,Y00000000642,爱通立针**,50mg　,静脉注射
88987,Y00000008138,大黄,5g.10g ,煎服
89086,F00002218263,单腔中心静脉导管（16GA×20CM）（箭牌）,,
89397,Y00000001531,思尔明片**#,10mg*30,口服
89546,Y00000001433,吡嗪酰胺片,0.25*100,口服
89834,Y00000001621,安定片 #,2.5mg*100,口服
89990,Y00000008147,防风,10g.15g ,煎服
90230,Y00000007G10,盐蛇颗粒一方(天龙),相当于饮片1G,冲服
90411,Y00000019095,莎尔福肠溶片,0.5g*40片,口服
90420,F00002212005,引导式教育训练,,
90564,Y00000008119,川芎,5g,煎服
90736,F00002230276,绿头6ml真空采血管,,
90774,F00002218318,一次性负压吸引袋1000ml（引流器）（广东电白）,,
90838,Y00000001095,头孢拉定胶囊(京新),0.25g*24,口服
90958,22247,用血量12U-20U输血组套,,
91586,Y00000008403,扁豆,10g.15g ,煎服
91740,Y00000019079,肠内营养乳剂(TPF)(瑞先)**,500ml,鼻饲
91994,F00002204334,D级房三人房,,
92044,F00002204813,X线计算机体层(CT)平扫(颅脑),,
92185,Y00000007C23,冬瓜仁颗粒一方,相当于饮片10G,冲服
92556,17775,静脉输血,,
93304,F00000180713,生物膜导尿管,,
93409,17516,腮腺螺旋CT平扫+增强（造影剂另计）,,
93463,Y00000007G28,鸡内金颗粒一方,相当于饮片10g,冲服
93655,Y00000000021,山莨菪碱注射液,1ml:10mg*10,肌肉注射
93706,Y00000008129,麦冬,10g.15g ,自煎
94138,Y00000020154,(悦康通)银杏叶提取物针#@,17.5mg*5ml*10,静脉滴注
94641,Y00000000913,美能注射液**#,20ml*10,静脉注射
95250,Y00000019989,阿昔洛韦针(大同),0.25g*10,静脉滴注
95745,Y00000008236,百部,10g.15g ,煎服
95777,F00002220372,血糖试纸/雅培/广州伟逊,,
95927,Y00000002167,辅舒良鼻喷雾剂**#,50ug*120喷,喷鼻
96068,Y00000018307,注射用核黄素磷酸钠#,10mg,静脉滴注
96412,Y00000007B12,麻黄根颗粒一方,相当于饮片10g,自煎
97338,F00002207329,血气分析,,
97566,Y00000019713,注射用法莫替丁,20mg,静脉注射
97605,Y00000018322,破伤风人免疫球蛋白注射液@,250IU,肌肉注射
97651,F00002213363,体外血液加温治疗,,
97751,F00002229638,耐药三通16520C/蓝色25cm/贝朗,,
97810,F00002206457,人工晶体度数测量,,
98117,Y00000004017,泰利必妥滴眼液**,5ml:15mg,滴眼
98228,17577,双肾+肾上腺螺旋CT平扫,,
98318,Y00000007H46,莲子颗粒一方（单味自费）,相当于饮片10G,冲服
99252,Y00000007E74,火炭母颗粒一方,相当于饮片15G,冲服
99475,17866,血糖（三小时）,,
100274,17074,代谢四项,,
100341,F00002204036,持续膀胱冲洗,,
100596,F00002207308,运动心肺功能检查,,
100680,F00002233719,创面促愈处理150（10cm以上20cm以下/伤口需要清创但不适合用敷料）,,
100803,Y00000019834,兰沙片,20mg*10片,口服
100865,16582,肝吸虫抗体,,
100955,Y00000019678,诺尔彤胶囊#,复方*60粒,口服
101309,18425,甲型流感病毒培养与抗原鉴定,,
101385,F00002204952,浅表器官彩色多普勒超声检查,,
101669,Y00000018380,肝泰舒胶囊#,0.4g*20粒,口服
101838,22326,肺炎链球菌抗原检测,,
101867,16103,尿培养加菌落计数,,
102031,17091,肿瘤三项,,
102130,19987,高血压五项（金域）*,,
102291,Y00000001560,斯巴敏片**,40mg*30,口服
102425,F00002204901,眼部A超,,
102760,F00002204459,冷热湿敷,,
102841,Y00000000412,罗通定注射液 &,60mg*10,肌肉注射
103855,Y00000019233,诺其针@,1mg,静脉注射
103906,F00002203990,胶囊内镜检查,,
104261,Y00000007A32,白及颗粒一方,相当于饮片10g,冲服
104359,17919,吸入物变应原筛查,,
105179,16343,食物变应原IgG14项,,
105195,18994,(3.0T)胸椎MRI平扫,,
105874,20209,（静脉血）登革病毒抗原抗体三项,,
106168,Y00000000197,金纳多注射液**#@,17.5mg*5ml*10,静脉滴注
107164,18688,丙型肝炎病毒（HCV-RNA）定量检测（金域）*,,
107235,Y00000008352,牛子(牛蒡子),10g.15g ,煎服
107516,16326,尿钾,,
107550,Y00000007B11,茜草颗粒一方,相当于饮片10G,冲服
107893,F00002211913,超声波治疗(单纯超声)(超声波治疗联合治疗),,
107898,Y00000018655,择泰针**,4mg,静脉滴注
107971,17912,念珠菌抗原检测,,
108020,F00000180315,一次性血氧饱和度探头520A,,
108132,Y00000000166,氟尿嘧啶注射液&%,250mg:10ml*5支,静脉滴注
108503,Y00000003172,可由乳膏,10g,外用
108553,18226,肠道病毒通用型核酸检测(EV-RNA),,
108564,F00002207344,经皮穿刺胸膜活检活检术,,
108752,Y00000019679,清咽滴丸,20mg*80丸,含服
109322,Y00000000229,盐酸异丙肾上腺素注射液,1mg*2支,静脉滴注
110059,Y00000018888,开浦兰片#,0.5g*30片,口服
110615,17781,中心静脉测压(第一次测压）,,
110803,F00002204399,持续化学药物治疗（指电脑控制多种药物时辰化疗）230元/日,,微泵静注
110869,Y00000020222,立加利仙胶囊#,50mg*30粒,口服
111163,F00002214577,OT-M一次性使用吸氧管,小规格,
111733,Y00000001815,普乐津含片,0.25mg*12,含服
111792,Y00000000312,硝酸甘油注射液 #,5mg:1ml*10支,微泵静注
112099,Y00000019597,帕夫林胶囊,0.3g*36粒,口服
112324,16184,微量元素,,
112789,Y00000001842,贺普丁片#,100mg*14,口服
112927,Y00000020035,盐酸伐昔洛韦片(巴康),0.15g*6,口服
113107,17869,尿淀粉酶,,
113375,Y00000020002,硫酸镁,500g,外用
113549,Y00000020193,丙氨酰谷氨酰胺针(迈尔欣),50ml:10g,静脉滴注
114085,Y00000001013,氨茶碱片 #,100mg*100,口服
114517,Y00000008202,淡附片（熟附子）,5g.15g,煎服
114589,16506,14X17吋激光片,,
114719,F00002202419,箭牌抗感染双腔深静脉穿刺针（管）,,
114785,20690,IgE狗毛（e5）,,
114909,Y00000018907,信卫安肠溶片,10mg*7片,口服
115340,22109,TBNK细胞检测,,
115349,16220,颅内多普勒,,
115437,Y00000007E36,石斛颗粒一方,相当于饮片10G,冲服
115619,Y00000007E39,青蒿颗粒一方,相当于饮片10G,冲服
115833,16162,异常红细胞形态检查,,
115878,16334,血红蛋白分析,,
116173,Y00000008162,干姜(单味自费),5g.10g,自煎
116184,16140,肝纤四项（金域）*,,
116255,Y00000008324,柏子仁,10g.15g ,煎服
116520,F00002233457,一次性使用自毁型注射笔用针头0.3mm*5mm/BD（胰岛素专用针头）,,
116659,16332,尿磷,,
116692,Y00000004062,达芬霖喷雾剂,5mg:10ml,滴鼻
116867,Y00000019864,(弘明瑞)噻托溴铵粉吸入剂#,18ug*10粒,吸入
117009,17484,前列腺B超+膀胱+膀胱残余尿量B超测定,,
117313,F00002208402,气管插管术,,
117454,17477,副鼻窦螺旋CT平扫+增强+三维重建(造影剂另计),,
117924,18523,呼吸道常见病毒培养与抗原筛查及鉴定,,
118198,21069,巨细胞病毒IgM(CMVIgM),,
118699,16203,普通病理活检套餐,,
119143,Y00000019627,阿昔洛韦分散片,0.1g*24片,口服
119154,Y00000018438,伤科接骨片(中药房),0.33g*60片,口服
119469,20687,IgE屋尘螨（d1）,,
120476,Y00000020170,盐酸坦洛新缓释片(积大本特),0.2mg*14片,
120670,17604,盆腔螺旋CT平扫,,
120769,19957,肿瘤坏死因子α（金域）*,,
121214,Y00000020225,苯巴比妥钠针(邦民)#,100mg*10,肌肉注射
121695,F00000180329,一次性使用延长管30CM （KDL上海）,,微泵静注
122118,16671,其他标本细菌及鉴定(需氧+厌氧+真菌),,
122343,Y00000018908,美林混悬滴剂*#,15ml,口服
122457,F00000180012,一次性输液器（套）,,
122502,F00002229695,无针输液接头(带延长管)(贝朗),4097154,静脉滴注
122626,Y00000008635,地骨皮,10g.15g,煎服
123038,F00002233721,创面促愈处理250（10cm以上20cm以下/伤口需要清创包含糖尿病足）,,
123063,Y00000008359,葶苈子,5g.10g  ,煎服
123165,Y00000009060,保济口服液,10ml*10,口服
123322,F00002235236,一次性呼吸回路/蓝色双管套装/东莞永胜,,
123990,Y00000018773,维乐福注射液**#,5ml:100mg*5支,静脉滴注
124564,Y00000001986,银杏叶滴丸(西药房)@#,63mg*60丸,口服
124573,Y00000000108,开普拓注射液**%,100mg:5ml,静脉滴注
124817,16211,血抗心磷脂抗体,,
124985,Y00000019701,缬沙坦胶囊  #,80mg*28粒,口服
125044,Y00000020261,苏麦卡片,15mg*5,口服
125110,F00002219554,离心泵头、氧合器、管路（体外循环包）/BE PLS2050/德国进口,,
125386,F00002206447,角膜荧光素染色检查,,
125714,Y00000019949,肠泰合剂,10ml*10,口服
126094,Y00000000593,欧贝注射液&,4ml:8mg,静脉注射
126097,Y00000018553,脑栓通胶囊,0.4g*18粒,口服
126117,Y00000001403,神经妥乐平片**,4.0Neurotropin单位*30片,口服
126306,Y00000018582,硫酸氢氯吡格雷片(泰嘉)#,25mg*20片,口服
126892,Y00000003229,复方醋酸地塞米松乳膏(西药房),10g,外用
127141,Y00000001625,维生素B6片#,10mg*1000,口服
127269,F00002224214,体外循环插管/动脉/迈柯唯,,
127342,F00002204480,肛管排气,,
127623,F00002202684,进口/M型造影用导丝RF*GA35183（泰尔茂）（介入）,,
128007,F00002230096,耐药三通16494C/蓝色/贝朗,,静脉滴注
128279,Y00000004107,施图伦滴眼剂**,0.4ml*10,滴眼
128381,Y00000018304,维生素B6片#,10mg*100,口服
128581,19948,高灵敏HCV RNA检测（金域）*,,
128768,Y00000007E52,墨旱莲颗粒一方,相当于饮片10G,冲服
129031,19826,MTHFR（C677T）基因检测,,
129376,F00002205448,血浆纤维蛋白原测定(仪器法),,
129798,20646,葡萄糖6-磷酸脱氢酶活性检测,,
130145,F00002230135,一件式造口袋（美国康乐保）,,
130868,Y00000008144,紫菀,10g.15g ,煎服
131024,17904,幽门螺杆菌血清学检测,,
131951,21187,心肌损伤测试版,,
132042,Y00000018727,维沃粉,80.4g,口服
132139,Y00000008710,盐蛇,5g,煎服
132648,Y00000004128,丽科明眼用凝胶,5g:7.5mg,涂眼
132850,F00002205520,钾测定(火焰分光光度法或离子选择电极法),,
133023,Y00000020060,重酒石酸间羟胺针(京康),1ml:10mg*2支 ,静脉滴注
133287,Y00000000435,鲁米那注射液#,100mg*10,肌肉注射
133494,Y00000018356,长春西汀注射液(润坦),5ml:30mg,静脉滴注
133748,Y00000008125,熟地黄,10g.15g  ,自煎
133900,F00002217606,一次性血氧探头DP100N/A（索莱瑞）,,
134090,F00002206441,泪液分泌功能测定,,
134092,F00002205450,凝血酶时间测定(TT)(仪器法),,
134749,Y00000019850,羟丙甲纤维素眼水(臻迪),0.5%*10ml,滴眼
135032,F00000180224,BD三通延长管（16cm）,,微泵静注
135321,F00002220486,经鼻喂养管/CH/FR15/广州葆霖,,
135468,Y00000008373,胖大海(单味自费),10g.15g ,煎服(代煎)
135592,Y00000019780,(乐透福)格列吡嗪控释片#,5mg*14片,口服
135684,Y00000008722,竹蜂,0,煎服
135730,F00002213479,中药封包治疗(特大),,
136170,17530,颈椎螺旋CT平扫+三维重建,,
136597,F00000180049,安普贴薄膜10*10,,
136674,F00002208282,冠状动脉造影术,,
136808,21107,人类SLCO1B1和APOE基因多态性检测,,
136839,Y00000020155,泰方（奥硝唑分散片）,0.25g*24片,口服
136857,4937,盆腔(MRI)增强,,
136902,16437,腰骶椎正侧位,,
137401,F00000180317,肺活检针,,
137621,Y00000001982,唐力片  #,120mg*12片,口服
137657,Y00000007A25,熟地黄颗粒一方,相当于饮片10G,自煎
137691,Y00000007E53,仙鹤草颗粒一方,相当于饮片15g,冲服
137938,Y00000008118,制首乌(单味自费),10g.15g ,自煎
137988,F00000180094,*一次性双腔氧管,,
138063,F00002204920,浅表组织器官B超检查(甲状腺及颈部淋巴结),,
138215,Y00000020055,和信注射液&,1ml:1mg,静脉滴注
138237,F00002205637,尿素测定(酶促动力学法),,
138789,Y00000000440,硫代硫酸钠针,0.64g,静脉注射
139253,Y00000008668,竹茹,5g.10g ,煎服
139666,17506,喉部螺旋CT平扫+增强+三维重建(造影剂另计),,
140060,Y00000001276,肌苷片&#,0.2g*100,口服
140203,F00000180309,安普贴10*10,,
140441,Y00000018657,醒脑静注射液(产地:大理),2ml*5支,静脉滴注
140849,F00002202520,优维显100ml:37g,100ml:37g,
141075,F00002213159,床旁B超检查加收,,
141153,Y00000007F73,首乌藤颗粒一方,相当于饮片15G,冲服
141195,17529,颈椎螺旋CT平扫+三维重建（含三个椎体）,,
141439,F00002204574,DR,,
141873,Y00000000358,垂体后叶素注射液 #,1ml:6iu*10,静脉滴注
141894,F00000180196,T.E.D预防型抗血栓压力带腿长度（大号5768）/泰科/自选耗材物价备案,,
141925,17647,腹部主动脉螺旋CT增强扫描+四维重建（造影剂另计）,,
142185,21807,腺病毒（ADV）核酸检测,,
142400,17600,下腹部（盆腔）螺旋CT平扫,,
142534,17939,血皮质醇,,
142617,F00002204418,中心静脉穿刺置管术(深静脉穿刺置管术),,
143313,17315,经直肠前列腺彩超检查,,
143829,F00002212000,关节松动训练,,
144114,F00002218292,PICCO热稀释导管5Fr×20cm,,
144309,Y00000007D05,炒谷芽颗粒一方,相当于饮片15G,自煎
144408,17296,浅表组织B超检查,,
144668,21389,（急诊用）血清肌钙蛋白I/肌红蛋白/CK-MB测定,,
145773,16422,气管软化试验,,
145788,17293,泌尿系B超+膀胱残余尿量B超测定,,
146144,Y00000004924,葛泰片,0.45g*20片,口服
146347,16499,床边照片(其他部位),,
147306,F00000180495,一针一线,,
147923,Y00000020255,贝雪片,8.8mg*6,口服
148008,16137,血清β2微球蛋白测定,,
148087,F00002204929,临床操作的B超引导,,
148373,Y00000020199,复方托吡卡胺眼水(卓比安),5ml,滴眼
148546,F00002204575,数字化摄影DR第2次以上每次曝光加收,,
148623,18204,乙肝两对半定量,,
148733,F00002224215,体外循环插管/静脉/迈柯唯,,
149478,F00002206393,视野检查,,
150439,Y00000000526,维生素B6注射液 #,50mg:1ml*10支,静脉滴注
150481,16413,颈椎双斜位,,
150491,F00002205641,肌酐测定(酶促动力学法),,
150755,Y00000000174,柏西乳剂,30ml:40mg,口服
150991,Y00000019556,复代文片,80mg:12.5mg*7片,口服
151198,Y00000020116,喜美欣针**#,0.5g*5,静脉滴注
152431,Y00000019788,盐酸倍他司汀氯化钠注射液  *,500ml,静脉滴注
152957,17932,血清转铁蛋白,,
153140,Y00000019524,氢化可的松注射液 &#,2ml:10mg*10支,静脉滴注
153273,18996,(3.0T)腰骶椎MRI平扫,,
153421,16331,尿镁,,
153658,Y00000019825,醒脑静注射液(产地:大理),2ml*10支,静脉滴注
153790,Y00000020249,维力能注射液,500ml,静脉滴注
153997,Y00000001388,尼莫地平片#,20mg*50,口服
154142,Y00000007G55,龙骨颗粒一方,相当于饮片20G,冲服
154366,Y00000001263,海捷亚片*#,50mg/12.5mg*7,口服
154538,19125,90项IgG食物变应原筛查,,
154826,Y00000018587,罗格列酮钠片(太罗)#,4mg*7片,口服
155068,F00002209735,胸膜活检术,,
155458,Y00000008631,盐杜仲,10g.15g ,煎服
155554,F00002218364,吸氧面罩1041（广州蓝雅信）,,
155610,Y00000004115,色甘酸钠滴眼剂,8ml:0.16g,滴眼
155813,Y00000000597,腹膜透析液2.5% (低钙),2.5% 2000ml,其他
155820,F00002218197,百特化疗泵,,
157284,Y00000008715,僵蚕,5g.10g ,煎服
158260,Y00000008407,净山楂(单味自费),10g.15g  ,自煎
158522,Y00000020124,兰苏针#,30mg,静脉注射
159614,Y00000000964,丹参针(冻干粉)#,400mg,静脉滴注
159712,Y00000008240,地榆,5g ,自煎
159764,Y00000008151,赤芍,10g.15g ,自煎
159772,16108,联合药物敏感试验(MLC),,
159895,Y00000000263,来比林针,0.9g,静脉滴注
160376,Y00000000080,氯丙嗪注射液 #,2ml:50mg*10支,肌肉注射
160377,Y00000019730,701跌打镇痛膏,10cm*7cm*8贴,外用
161551,F00000180144,诺和笔4(胰岛素笔式注射器),,
161696,Y00000000305,新斯的明针#,2ml:1mg*10支,静脉注射
162018,Y00000008115,当归(单味自费),5g.10g ,煎服(代煎)
162247,20697,IgE分枝孢霉（m2）,,
162253,F00002212175,耳针(耳穴压豆),,
162481,Y00000000530,西艾克针&%,1mg,静脉滴注
162896,18664,颈部螺旋CT平扫+增强(造影剂另计),,
163060,F00002207585,肛门指检,,
163864,Y00000007D11,木瓜颗粒一方,相当于饮片10G,自煎
164035,Y00000009047,复方阿胶浆,20ml*12,口服
164214,F00002231797,密闭式静脉留置针/直型/BD,,静脉滴注
165130,Y00000008450,芒果核,10g.15g ,煎服
165356,Y00000007F38,黄柏颗粒一方,相当于饮片6G,冲服
165845,F00002233700,皮肤防护处理50（造瘘口周围皮肤常规护理）,,
165981,F00002231258,一次性使用输血器/M46442800费森尤斯,,
166157,16465,指骨正侧位(单侧),,
166186,17341,临床操作的B超引导下胸水抽液,,
166324,Y00000000594,腹膜透析液1.5%  (低钙),1.5% 2000ml,其他
166957,Y00000020083,聚乙二醇滴眼液**,5ml,滴眼
167252,Y00000019522,单硝酸异山梨酯缓释胶囊#,50mg*20粒,口服
167401,F00002204954,浅表器官彩色多普勒超声检查(其他),,
167599,F00002207315,残气容积测定(重复呼吸法),,
167880,F00002218850,爱惜邦缝线W6977 2/0（强生）,,
168391,Y00000007E21,肉苁蓉颗粒一方(单味自费),相当于饮片10g,冲服
168491,4935,上腹部（肝胆脾胰MRI）增强,,
168557,19889,抗β2-糖蛋白1抗体(IgG),,
168677,17323,单侧上肢动脉彩超(全程),,
168790,F00000180275,输液延长管,,微泵静注
169025,Y00000000384,心律平注射液#,10ml:35mg*5,静脉注射
169534,Y00000008662,沉香,5g   ,自煎
169827,F00002203016,麦默通穿刺针/乳房活检穿刺针,,
169888,F00002210141,淋巴结穿刺术,,
169944,Y00000007F39,救必应颗粒一方,相当于饮片10G,冲服
170726,Y00000001457,溴吡斯的明片,60mg*60,口服
170994,Y00000007E55,车前草颗粒一方,相当于饮片10G,冲服
171360,19011,(3.0T)膝关节MRI平扫,,
171629,F00002218244,一次性使用吸氧管C-SS-X（小）（北京东方潮汐）,,
171733,16441,骨盆正位,,
172495,F00002205010,组织多普勒显象(TDI),,
173400,Y00000007F34,牡丹皮颗粒一方,相当于饮片10G,冲服
173750,F00002205257,简易定位(B超),,
174629,Y00000019593,侨光卡路注射液@#,20%*100ml,静脉滴注(肠外)
174831,Y00000000723,耐乐品注射液**,7.5mg/ml*10ml*5,其他
175057,Y00000008755,龙骨,10g.15g,自煎
175346,F00002217605,一次性使用封闭性吸痰管FY-CL/F10-16（逢源）,,
175376,Y00000019910,灯盏花素针(培斯汀)#,10mg,静脉滴注
175403,17282,其它部位B超,,
176542,Y00000007C57,车前子颗粒一方,相当于饮片10G,冲服
176665,17349,"彩超声引导下体表肿物,淋巴结穿刺术",,
177592,Y00000009204,五淋化石丸,0.25g*60粒,口服
177644,F00002206402,试镜,,
177889,F00002204455,特殊物理降温,,
179259,18992,(3.0T)颈椎MRI平扫,,
179672,Y00000018758,雷宁分散片#,10mg*10片,口服
179887,F00002204538,X线摄影(床旁摄片加收),,
179958,F00000180226,贝朗18G/24G安全型留置针,6816130605/6816130634,
180040,Y00000008404,炒麦芽(单味自费),10g.15g ,煎服
180425,Y00000001734,克之胶囊#,48粒,口服
180441,Y00000020096,盐酸左氧氟沙星眼用凝胶,5g:0.015g,涂眼
180814,Y00000004121,普南扑灵滴眼液**,5ml:5mg,滴眼
181372,Y00000019765,甲钴胺分散片#,0.5mg*30片,口服
183362,Y00000018308,必存注射液,20ml:30mg,静脉滴注
184023,Y00000008210,苇根,10g.15g,煎服
184144,Y00000019646,克感利咽口服液(西药房),10ml*12支,口服
184586,Y00000018610,强力定眩片#,0.35g*60片,口服
184864,17782,洗胃,,
185204,Y00000003104,康纳乐乳膏*,5g,外用
186086,21726,真菌致敏哮喘组合,,
186737,21168,高血压三项（立位）,,
186907,17263,心包积液复查,,
187010,F00002205446,活化部分凝血活酶时间测定(APTT)(仪器法),,
187389,Y00000008574,火炭母,10g.15g ,煎服(代煎)
187473,Y00000002181,舒利迭粉吸入剂#,50ug/100ug*60吸,吸入
187633,F00002204913,胸腹水B超检查及穿刺定位,,
187788,Y00000007G21,全蝎颗粒一方(单味自费),相当于饮片3g,冲服
188630,18883,EGFR基因突变检测（脱氧核糖核酸DNA测序法）,,
189692,F00002218296,丁丁退热贴（雨纯）/儿童型,,
189855,Y00000001449,盐酸普罗帕酮片@#,50mg*50片,口服
190402,Y00000008555,车前草,10g.15g ,煎服
190793,Y00000007B28,虎杖颗粒一方,相当于饮片15G,冲服
192185,Y00000008494,石上柏,10g.15g,煎服
192984,Y00000007A33,白前颗粒一方,相当于饮片10G,自煎
194019,F00002207306,肺弥散功能检查(一口气法),,
194120,Y00000000380,硫酸鱼精蛋白注射液,5ml:50mg*5,静脉注射
194209,Y00000008114,玉竹(单味自费),10g.15g ,自煎
195292,18433,呼吸道合胞病毒抗原鉴定（直接法）,,
195903,Y00000007B17,岗梅根颗粒一方,相当于饮片10G,冲服
195934,Y00000007A56,升麻颗粒一方,相当于饮片6G,冲服
196394,Y00000019922,雷尼替丁注射液(上海) #,50mg:2ml*10支,静脉注射
197446,Y00000003111,红霉素膏 ,10g,外用
197519,F00002204654,磁共振平扫(1.5T以上)(颅脑),,
198097,F00002220480,静脉留置针/贝朗/18G,,静脉滴注
198606,F00002206681,纤维喉镜检查(电子镜加收52元),,
199000,20700,IgE白假丝酵母（m5）,,
200637,18443,B超引导PICC置管,,
200693,F00000180161,Synchrony呼吸机回路管道,,
201091,Y00000000037,阿昔洛韦针(伟迈欣),0.25g,静脉滴注
201184,Y00000008139,木香,5g.10g ,煎服(代煎)
201683,F00002213880,钙测定：离子选择电极法,,
202594,F00002202526,*肝素钠注射液,2ml:12500u,
202603,Y00000008356,栀子(单味自费),10g.15g  ,煎服
203232,Y00000018893,天山雪莲,3g,自煎
203439,17426,MR波谱分析（MRS）,,
204170,Y00000007A45,羌活颗粒一方,相当于饮片10G,自煎
204295,F00002228737,气管切管接头OPT870/费雪派克（螺旋接头）,,
204422,16473,膝关节正侧位(单侧),,
204536,Y00000020123,地西泮注射液(天武) #,10mg*10,肌肉注射
204800,F00002204345,院际会诊,,
204844,F00002202414,赛肤润20ML,,
204861,Y00000007F35,地骨皮颗粒一方,相当于饮片10G,自煎
205727,Y00000001764,感咳双清胶囊,0.3g*24,口服
206241,Y00000007G31,羚羊角颗粒一方(自费),相当于饮片0.3g,冲服
206311,17311,浅表器官或组织彩超,,
206854,Y00000008644,茯苓皮,10g.15g ,煎服
207564,Y00000007D49,决明子颗粒一方(单味自费),相当于饮片10G,冲服
207791,F00002204505,尸体料理,,
207851,F00002214157,欧苏（碘海醇）注射液100ML:30g(I),,
207987,Y00000020027,和日针&#,1.6mg,皮下注射
208446,Y00000000961,注射用奥沙利铂&%,50mg,静脉滴注
208649,Y00000019675,艾汀片#,30mg*14片,口服
208925,Y00000018755,尿石通丸,4g*6袋,口服
210343,Y00000007H47,百合颗粒一方（单味自费）,相当于饮片10G,冲服
210614,F00002224216,穿刺针/PIK100/150(迈柯唯),,
210796,Y00000007A49,葛根颗粒一方(单味自费),相当于饮片15G,冲服
210993,Y00000008133,白前,10g.15g ,自煎
211153,F00002211999,手功能训练,,
211313,F00002204472,清洁灌肠(回流灌肠加收19.40元),,
212465,F00002204332,D级单人房,,
213279,19065,(3.0T)前列腺MRI增强,,
213712,19445,自身免疫性肝病抗体六项,,
213734,Y00000020099,复方鱼腥草颗粒,6g*15袋,口服
214188,18670,胸廓骨骼螺旋CT平扫+三维重建,,
214996,17093,妇科肿瘤四项,,
215338,Y00000008376,苍耳子,5g.10g ,煎服
215464,F00002204376,大抢救,,
216883,F00000180622,安普贴15*15,,
217189,Y00000008507,桑叶(单味自费),10g.15g  ,自煎
219334,Y00000009266,心可舒胶囊#,0.3g*36粒,口服
219485,17493,胸椎螺旋CT增强扫描+三维重建(造影剂另计)（全胸椎）,,
219968,20929,FIX C活性测定,,
220409,F00002233975,压力抗血栓治疗,,
220520,16460,掌骨正斜位(双侧),,
221129,Y00000008322,瓜蒌子,10g.15g  ,煎服
221467,Y00000008573,蒲公英(单味自费),10g.15g  ,煎服
221494,Y00000018903,内德滋注射液,100ml:0.5g:0.83g,静脉滴注
221704,Y00000020234,碘克沙醇注射液(北陆),100ml:32g(I),其他
222456,Y00000018375,葡立胶囊#,0.24g*24粒,口服
222748,Y00000007E12,淡竹叶颗粒一方(单味自费),相当于饮片10G,冲服
222847,F00002218651,人工鼻,,
223203,4938,前列腺(MRI)增强,,
223216,17334,双侧下肢浅静脉彩超(全程),,
223371,22308,凝血七项（DIC全套）,,
224655,19951,血清免疫固定电泳（金域）*,,
224703,Y00000020064,谷维素片(三才),10mg*100,口服
224995,4930,胸椎(MRI)增强,,
225014,16145,红细胞渗透脆性试验,,
225034,19071,(3.0T)双肾、肾上腺MRI增强,,
226335,F00002204966,颈部血管彩色多普勒超声,,
226768,Y00000020001,克林霉素磷酸酯针(苏州),0.6g,静脉滴注
226803,Y00000019918,雷卡针 #,5ml:1g,静脉滴注
227363,F00000180250,动脉穿刺针,,
228504,Y00000007H44,川贝母颗粒一方（单味自费,相当于饮片3g,冲服
228734,Y00000001655,丽珠威片,0.15g*6,口服
229465,16349,（1支造影剂10岁以下）静脉肾盂造影IVP,,
229650,Y00000008454,浮小麦,10g.15g ,煎服
230471,19074,(3.0T)上腹部（肝胆脾胰MRI）增强,,
230542,Y00000018754,强力威君定针,0.6g   ,静脉滴注
231020,18654,下肢动脉造影+三维重建(造影剂另计),,
231712,18432,腺病毒抗原鉴定（直接法）,,
231928,Y00000000570,西力欣针** #,750mg,静脉滴注
231963,17351,下肢动脉组套（含胫前、胫后、足背动脉）,,
232465,Y00000018552,附子理中丸#,200丸,口服
233100,F00002233059,外周插管中心静脉导管套件（导管）/8194118巴德,,
233151,17682,妇科阴道彩超,,
235494,F00002205386,尿沉渣定量(尿沉渣分析仪),,
235808,Y00000019161,生理氯化钠溶液,3000ml:27g,外用
236197,Y00000019644,克感利咽口服液(中药房),10ml*12支,口服
236362,16466,髋关节正侧位(单侧),,
237755,Y00000018812,泮立苏针#,80mg,静脉滴注
238165,Y00000000278,倍能针,0.5g,静脉滴注
238412,17026,人乳头瘤病毒(HPV)核酸分型检测,,
238565,Y00000018401,迈普新针&#,1.6mg,皮下注射
238604,16111,沙门菌、志贺菌培养及鉴定,,
238619,F00002218239,一次性使用延长管150CM （上海）（养和）,,静脉滴注
239018,Y00000019706,复方丹参片#@,0.32g*60片,口服
240290,F00002220384,外周血细胞彩色图像分析,,
240345,Y00000007E75,半枝莲颗粒一方,相当于饮片15g,冲服
240808,18428,呼吸道合胞病毒培养与抗原鉴定,,
241222,17480,鼻咽螺旋CT平扫+三维重建(有横断与冠状图像),,
242159,17384,前列腺平扫MRI,,
242601,Y00000007F70,桑寄生颗粒一方,相当于饮片15G,冲服
243986,17404,膝关节平扫MRI,,
244187,F00002215228,胎儿血氧饱和度监测,,
244563,Y00000019133,50%硫酸镁溶液 ,50%*500ml,外用
244936,F00002207334,持续气道正压(CPAP)通气,,
246246,F00002207389,常规心电图检查(三通道),,
246349,20927,FVⅢ C活性测定,,
246832,18676,胸、腹主动脉螺旋CT增强+三维重建（造影剂另计）,,
247728,F00002204942,彩色多普勒超声常规检查,,
247757,Y00000000660,优维显注射液*,300mg*100ml,其他
247987,21267,儿实NK细胞,,
248166,F00002204599,经内镜逆行胰胆管造影(ERCP),,
248728,18608,胺碘酮血清药物浓度检测,,
249022,Y00000001101,盐酸氯丙嗪片 #,25mg*100,口服
250805,Y00000008839,天竺黄,5g.10g ,煎服
251523,Y00000003126,伊得宁软膏,2g*5支,外用
252045,17637,腹部CT尿路造影+三维重建（造影剂另计）,,
252098,16414,T管造影（含进口非离子型造影剂，药超量另计）,,
252179,Y00000018623,维生素E胶丸(来益),100mg*30粒(天然型),口服
252286,18525,七项呼吸道常见病毒培养与荧光染色筛查,,
252573,Y00000008531,薄荷(单味自费),5g,煎服
253085,F00000180371,穿刺针（套）/国产,,
253480,Y00000002053,喉风散(西药房),2.2g,外用
253967,F00000180064,外周中心静脉导管(巴德）（加强型）,,
254384,17635,CT下介入穿刺、治疗术,,
255646,F00002204365,气管切开护理,,
255845,19950,HCV 基因分型（金域）*,,
256351,Y00000020007,欧苏注射液,50ml:15g(I),其他
256441,F00002221458,10ML预充式导管冲洗器,,
256576,F00002213156,特殊物理升温,,
256606,F00002206157,脱落细胞学检查与诊断,,
257445,Y00000008104,玄参,10g.15g ,煎服(代煎)
257583,Y00000018403,克林澳注射液,2ml:80mg,静脉滴注
257815,Y00000007H40,灵芝颗粒一方（自费）,相当于饮片6G,自煎
258574,Y00000008849,熟田七(单味自费),10g/包,冲服
259115,F00002206676,纤维鼻咽镜检查,,
259521,17486,临床操作的彩超引导,,
260017,20632,丙型肝炎抗体测定（Anti-HCV）,,
260129,F00002220718,一次性呼吸机回路管道RT228/进口,,
260585,Y00000018135,川贝(平贝3g/包)末(单味自费),3g,自煎
260930,Y00000007C58,菟丝子颗粒一方,相当于饮片10g,自煎
261565,F00002233436,无针输液接头/贝朗409100CN,,
261910,Y00000020256,倍林达片,90mg*14,口服
261972,F00002211604,乳腺肿物穿刺术(乳腺立体定位),,
263053,Y00000007F43,合欢皮颗粒一方,相当于饮片10G,冲服
264090,21026,尿结石成份分析7项(红外光谱法),,
264886,Y00000007F02,金银花颗粒一方(单味自费),相当于饮片10G,冲服
264898,18244,13碳尿素呼气试验,,
264912,F00002212003,有氧训练,,
265856,Y00000020203,保济口服液,10ml*18支,口服
266048,Y00000007E71,茵陈颗粒一方,相当于饮片15G,冲服
267101,Y00000019662,宁泌泰胶嚢(西药房),0.38g*48粒,
267563,F00002204637,磁共振平扫(0.5T-1.5T)(颅脑),,
267638,F00002206637,鼻内镜检查,,
267705,17947,血浆抗凝血酶Ⅲ活性测定,,
267758,Y00000008214,白茅根,10g.15g,自煎
269279,Y00000004024,卡林优眼水**,5ml*0.25mg,滴眼
269454,17517,腮腺螺旋CT增强扫描+三维重建（造影剂另计）,,
269629,Y00000000128,多巴胺注射液 #,20mg*10,静脉滴注
269974,Y00000001172,大扶康胶囊150*,150mg*1粒,口服
270026,4897,头颅(MRI)增强,,
270774,18427,腺病毒培养与抗原鉴定,,
270916,F00002204367,造瘘护理,,
273209,F00002226036,肠内营养输液器针式/史密斯,,口服
274959,Y00000018155,复方鱼腥草颗粒,6g*10袋,口服
275633,16152,血浆纤维蛋白原测定,,
276525,Y00000008445,路路通,10g.15g ,煎服
277891,Y00000008760,瓦楞子,10g  ,煎服
278029,F00002212025,中药热奄包治疗,,
278480,F00002207336,体外膈肌起搏治疗,,
278591,F00002211912,超声波治疗(单纯超声),,
279093,F00002205372,血常规（五分类）,,
279682,Y00000018829,川威针,2ml:30mg,静脉滴注
279856,20688,IgE粉尘螨（d2）,,
280347,Y00000009508,复方醋酸地塞米松乳膏(中药房),10g,外用
280468,Y00000008364,盐金樱子,10g.15g ,自煎
280780,Y00000007H39,天竺黄颗粒一方,相当于饮片3G,冲服
280858,20696,IgE特异青霉（m1）,,
281748,16415,颈椎双斜张口位,,
282457,F00002206255,脑电图,,
283235,F00002217778,三通BD/394601,,
283456,F00002205444,血浆凝血酶原时间测定(PT)(仪器法),,
284065,17286,膀胱残余尿量测定,,
284352,16467,髋关节正侧位(双侧),,
284403,16391,胸部侧位,,
287176,F00000181646,一次性高压注射器延长管,,微泵静注
287576,Y00000019980,活血止痛膏,10贴(每贴7cm*10cm),外用
288130,20166,（静脉血）登革病毒IgM/IgG,,
288611,F00000180646,医用膜（医用粘贴膜）,,
289530,19083,(3.0T)胸部MRI增强,,
291353,Y00000020104,复方磺胺甲噁唑片(天津),100片,口服
291465,19886,直接抗人球蛋白试验（Coombs）,,
292508,Y00000020179,硫唑嘌呤片(信谊)#,50mg*60片,口服
293245,17639,腹部小肠低张螺旋CT平扫+增强+三维重建（造影剂另计）,,
293336,F00002206682,喉动态镜检查,,
293758,F00000180483,*双鼻孔吸氧管,,
293763,Y00000020074,消旋山莨菪碱片(民生),10mg*100,口服
294740,21970,血管性血友病因子（VWF：Ag）测定,,
295046,17962,环孢霉素A全血药物浓度测定,,
295198,F00002210913,宫颈息肉切除术,,
295726,F00002206272,体感诱发电位,,
296296,17654,胸部气管支气管肿瘤重建扫描CT（造影剂另计）,,
296994,Y00000019536,补中益气丸,1丸*200丸,口服
297518,Y00000020070,盐酸丁卡因针(悦康),50mg,其他
297724,Y00000007B90,葵树子颗粒一方,相当于饮片10G,冲服
299091,Y00000000016,复方氨基酸注射液(9AA)#,250ml,静脉滴注
299569,Y00000007A83,猫爪草颗粒一方,相当于饮片10G,冲服
301065,F00002204628,磁共振平扫(0.5T以下)(垂体),,
301207,F00000180569,安普贴薄膜20*20,,
